taxID,accession,family,evalue,evalue_cond,score,domain_coord,domain_len
1469162,MBM7647051.1,GH9,9.9e-09,3e-12,32.3,318:532,214
119072,AAM23368.1,GH5_1,4.1e-06,1.6e-09,23.5,11:213,202
1891280,AOL16553.1,GH12,5.3e-14,6.4e-17,49.6,135:298,163
1891280,AOL16515.1,GH12,5e-10,6e-13,36.7,142:313,171
1891280,AOL15484.1,GH12,5.2e-09,6.2e-12,33.4,162:328,166
1133106,TCO80517.1,GH5_2,4.7e-06,2.4e-09,24.0,72:259,187
1133106,TCO80517.1,GH5_25,5.8e-32,3e-35,108.8,44:340,296
1133106,TCO80519.1,GH5_25,6.8e-27,3.5e-30,92.2,43:336,293
1133106,TCO80517.1,GH5_4,3.5e-09,1.8e-12,34.1,52:322,270
1133106,TCO80519.1,GH5_4,1e-08,5.3e-12,32.6,52:319,267
1133106,TCO80519.1,GH5_5,4.7e-12,2.4e-15,43.4,39:251,212
1133106,TCO80517.1,GH5_5,1.1e-10,5.6e-14,39.0,43:258,215
1133106,TCO80517.1,GH5_1,2.9e-15,1.5e-18,54.1,51:343,292
1133106,TCO80519.1,GH5_1,8.1e-15,4.2e-18,52.7,46:336,290
109258,SMC20740.1,GH9,1e-05,3e-09,22.4,392:516,124
425944,ADB86610.1,GH12,1.7e-18,1.2e-21,64.4,157:324,167
425944,ADB86136.1,GH12,6.1e-16,4.1e-19,56.1,143:317,174
1485585,PSL03777.1,GH9,2.5e-63,6.1e-67,212.5,116:590,474
1485585,PSL03430.1,GH5_4,4.6e-09,1.1e-12,33.8,56:218,162
1485585,PSL03430.1,GH5_1,1.6e-17,3.9e-21,61.6,39:358,319
1485585,PSL03430.1,GH5_25,8.1e-18,2e-21,62.5,41:349,308
910412,SMO31941.1,GH5_5,1.9e-07,5.8e-11,28.1,64:286,222
910412,SMO31941.1,GH5_1,1.6e-17,4.7e-21,61.4,39:290,251
910412,SMO31941.1,GH5_2,1.9e-14,1.2e-17,51.2,42:278,236
910412,SMO31941.1,GH5_25,4e-07,1.2e-10,27.1,54:227,173
78579,AEO58455.1,GH5_5,3.6e-110,1.6e-113,366.4,33:315,282
78579,AEO53175.1,GH5_1,3.6e-45,4.4e-48,153.5,70:383,313
78579,AEO58520.1,GH5_1,3.6e-08,4.3e-11,32.0,38:134,96
78579,AEO58520.1,GH5_1,1.3e-14,1.6e-17,53.2,113:381,268
78579,AEO57401.1,GH5_1,1e-07,1.3e-10,30.5,124:385,261
78579,AEO60897.1,GH5_1,8.9e-10,1.1e-12,37.3,33:337,304
78579,AEO58455.1,GH5_1,7.1e-10,8.6e-13,37.6,25:308,283
78579,AEO59280.1,GH6,2.3e-117,1e-120,390.8,58:361,303
78579,AEO57190.1,GH6,1.6e-105,7.1e-109,351.9,50:357,307
78579,AEO55544.1,GH7,1.3e-210,8.3e-214,698.5,18:452,434
78579,AEO53522.1,GH7,1e-198,6.8e-202,659.3,18:454,436
78579,AEO61262.1,GH7,2.1e-187,1.4e-190,622.0,21:449,428
78579,AEO59361.1,GH7,8.5e-148,5.6e-151,491.5,20:419,399
78579,AEO58824.1,GH7,4.6e-40,3e-43,136.5,20:128,108
78579,AEO60532.1,GH12,1.1e-47,1.2e-51,160.6,97:246,149
78579,AEO58455.1,GH5_4,2.2e-11,7.2e-15,42.6,56:280,224
78579,AEO58455.1,GH5_25,1.7e-08,9.2e-12,33.1,54:305,251
1393122,SFV27013.1,GH5_4,1.1e-11,4.5e-15,41.7,50:344,294
1393122,SFV27013.1,GH5_25,3.2e-19,2.7e-22,66.3,37:346,309
1393122,SFV32205.1,GH9,3.5e-100,3e-103,333.1,120:579,459
1393122,SFV28299.1,GH9,3.1e-56,2.6e-59,188.3,127:597,470
1393122,SFV27013.1,GH5_1,2.7e-10,1.2e-13,37.1,35:233,198
57732,EOT56837.1,GH5_25,2.2e-06,1.8e-09,24.2,47:184,137
688066,OAA29162.1,GH9,6.8e-06,3.6e-09,22.2,62:294,232
1642646,SCM57160.1,GH5_5,1.3e-13,1.8e-16,48.2,224:444,220
1642646,SCM55578.1,GH5_1,1.3e-09,1.3e-12,35.3,32:216,184
1642646,SCM57160.1,GH5_2,5.1e-09,3.4e-12,33.3,240:437,197
1642646,SCM57160.1,GH5_25,3.4e-41,4.6e-44,138.7,227:537,310
1642646,SCM55578.1,GH5_25,7.5e-30,1e-32,101.5,44:334,290
1642646,SCM57160.1,GH5_4,8.8e-76,8.8e-79,252.1,240:537,297
1642646,SCM55578.1,GH5_4,1.8e-09,1.8e-12,34.7,55:221,166
572478,ADN50982.1,GH12,3.5e-06,1.4e-09,24.2,152:320,168
41675,QGR19734.1,GH12,4.7e-09,2.3e-12,33.3,158:328,170
869889,QLH77151.1,GH12,2.4e-08,5.6e-12,32.0,147:301,154
869889,QLH79797.1,GH5_25,2.2e-26,2.5e-29,90.7,11:293,282
869889,QLH77152.1,GH5_25,4.4e-08,5.1e-11,30.6,102:311,209
869889,QLH77149.1,GH5_25,3.9e-06,4.5e-09,24.2,142:332,190
869889,QLH78823.1,GH9,5.9e-87,1.4e-90,290.4,117:584,467
869889,QLH79797.1,GH5_5,5.7e-09,6.6e-12,33.5,14:186,172
869889,QLH77149.1,GH5_5,2e-08,2.3e-11,31.7,141:376,235
869889,QLH77152.1,GH5_5,3.1e-06,3.6e-09,24.5,97:281,184
869889,QLH79797.1,GH5_1,5.9e-11,4.1e-14,40.1,6:181,175
869889,QLH77149.1,GH5_1,3.5e-07,2.4e-10,27.7,69:371,302
869889,QLH77149.1,GH5_2,1.4e-22,2e-25,78.2,144:365,221
869889,QLH77152.1,GH5_2,1.3e-21,1.8e-24,75.1,66:330,264
869889,QLH77210.1,GH5_2,3.8e-20,5.2e-23,70.3,67:338,271
869889,QLH77150.1,GH5_2,2.7e-09,3.8e-12,34.7,299:421,122
869889,QLH79797.1,GH5_4,3e-09,4.2e-12,34.5,23:169,146
869889,QLH77149.1,GH5_4,2.4e-09,3.3e-12,34.8,144:313,169
869889,QLH77152.1,GH5_4,2.4e-08,3.3e-11,31.6,102:282,180
869889,QLH77210.1,GH5_4,8.9e-06,1.2e-08,23.1,91:278,187
1330330,AKI98197.1,GH5_25,2e-116,1e-119,384.9,13:291,278
1330330,AKI98197.1,GH5_1,1.1e-14,1.1e-17,51.3,8:294,286
1330330,AKI98197.1,GH5_5,1.3e-21,1.3e-24,73.8,12:295,283
1330330,AKI98197.1,GH5_4,1.6e-47,8.4e-51,158.8,25:289,264
1330330,AKI98197.1,GH5_2,3.3e-15,1.8e-18,52.9,30:211,181
128,ADV60918.1,GH5_1,1.4e-17,3.7e-21,61.7,39:320,281
128,ADV61705.1,GH9,4.3e-32,2.3e-35,109.4,34:161,127
128,ADV60918.1,GH5_5,4.3e-17,1.2e-20,59.9,39:317,278
128,ADV60918.1,GH5_4,1.9e-44,5e-48,149.7,51:316,265
128,ADV60918.1,GH5_25,5.9e-114,1.6e-117,377.7,39:317,278
128,ADV60918.1,GH5_2,5.8e-15,1.5e-18,53.1,61:245,184
2675099,QRV17480.1,GH5_2,1.3e-06,5.5e-10,26.1,30:252,222
326427,ACL26277.1,GH9,7e-174,1.9e-177,576.6,30:467,437
1028567,AGE74043.1,GH12,5.6e-10,2.4e-13,36.4,142:214,72
666510,ADL19820.1,GH12,3.8e-09,7.6e-12,33.1,112:267,155
666510,ADL19791.1,GH12,9.4e-09,1.9e-11,31.9,122:276,154
1204385,MCC9074586.1,GH5_1,1.2e-115,2.6e-119,384.1,283:598,315
665571,ADN02996.1,GH5_1,3.1e-104,7.1e-107,345.5,36:372,336
665571,ADN02189.1,GH5_1,2.6e-33,6e-36,112.6,41:288,247
665571,ADN01668.1,GH5_1,7.8e-12,1.8e-14,42.1,11:186,175
665571,ADN02392.1,GH5_1,3.2e-07,7.4e-10,26.9,86:291,205
665571,ADN02998.1,GH9,1e-159,2.3e-162,529.2,42:465,423
665571,ADN02997.1,GH9,1.3e-145,3e-148,482.7,49:468,419
665571,ADN02583.1,GH9,1.7e-105,3.8e-108,350.6,292:728,436
665571,ADN01239.1,GH9,1.8e-36,4.2e-39,123.1,96:550,454
665571,ADN02392.1,GH5_5,3.1e-13,7.1e-16,46.5,82:229,147
665571,ADN02189.1,GH5_5,1.5e-12,3.5e-15,44.2,84:235,151
665571,ADN01668.1,GH5_5,4.6e-07,1e-09,26.3,21:180,159
665571,ADN01668.1,GH5_25,1.7e-29,4e-32,99.9,4:297,293
665571,ADN02392.1,GH5_25,2.9e-14,6.6e-17,49.9,85:254,169
665571,ADN02189.1,GH5_25,2e-09,4.5e-12,34.1,52:248,196
665571,ADN01668.1,GH5_4,1e-12,2.3e-15,44.9,19:187,168
665571,ADN02392.1,GH5_4,3.4e-07,7.8e-10,26.8,74:226,152
665571,ADN01378.1,GH12,7e-14,6.4e-17,49.0,99:249,150
665571,ADN02392.1,GH5_2,7.5e-96,1.4e-98,317.1,47:280,233
665571,ADN02189.1,GH5_2,2.8e-13,5e-16,46.9,37:269,232
76633,CAG5089501.1,GH5_1,1.8e-16,9.3e-20,58.1,67:364,297
76633,CAG5089501.1,GH5_5,1.3e-11,9.7e-15,42.0,67:315,248
76633,CAG5076630.1,GH9,6.1e-100,1.1e-102,333.1,162:615,453
76633,CAG5089501.1,GH5_4,2.4e-09,1.2e-12,34.7,72:360,288
76633,CAG5089501.1,GH5_25,6.3e-20,1.6e-23,69.4,57:363,306
1094508,AFK85368.1,GH5_2,4.4e-95,3.1e-98,314.9,73:327,254
1094508,AFK87257.1,GH5_2,9.1e-94,6.4e-97,310.6,69:323,254
1094508,AFK85368.1,GH5_4,5.9e-12,6.3e-15,42.8,110:332,222
1094508,AFK87329.1,GH5_4,2e-07,2.1e-10,27.9,18:180,162
1094508,AFK87257.1,GH5_4,1.9e-10,2e-13,37.9,108:328,220
1094508,AFK85204.1,GH9,3e-06,2.1e-09,23.9,2:137,135
1094508,AFK87329.1,GH5_5,2.4e-08,3.3e-11,30.9,1:177,176
1094508,AFK85368.1,GH5_5,5.5e-08,7.8e-11,29.6,92:333,241
1094508,AFK87257.1,GH5_5,1.1e-06,1.6e-09,25.4,90:330,240
1094508,AFK87329.1,GH5_25,3.2e-26,4.5e-29,89.6,15:295,280
1094508,AFK87257.1,GH5_25,8.6e-16,1.2e-18,55.3,87:349,262
1094508,AFK85368.1,GH5_25,4.8e-13,6.7e-16,46.3,91:323,232
1094508,AFK87329.1,GH5_1,7.3e-12,1.3e-14,42.5,3:184,181
1094508,AFK87324.1,GH5_1,8.5e-07,1.5e-09,25.9,3:289,286
1094508,AFK85368.1,GH5_1,5.6e-06,9.9e-09,23.2,128:338,210
89784,GLG01768.1,GH5_25,5.7e-20,4e-23,69.0,0:89,89
89784,GLG01768.1,GH5_25,9.2e-08,6.4e-11,29.0,113:183,70
89784,GLG01768.1,GH5_2,1.6e-07,5.7e-11,28.3,0:89,89
89784,GLG01769.1,GH5_1,3.4e-06,2.4e-09,23.9,4:132,128
89784,GLG00475.1,GH9,1.4e-110,4.9e-114,367.7,89:532,443
89784,GLG01768.1,GH5_5,2.7e-06,1.9e-09,24.1,0:127,127
264951,RWQ92385.1,GH5_1,1.6e-13,1.2e-16,49.7,102:374,272
264951,RWQ98527.1,GH5_1,1.8e-09,1.4e-12,36.3,73:244,171
264951,RWQ92546.1,GH5_1,1.2e-06,9.4e-10,27.0,81:389,308
264951,RWQ93015.1,GH12,1.1e-16,1.2e-20,60.1,173:343,170
264951,RWQ92546.1,GH5_4,7.3e-06,4.7e-09,24.5,104:195,91
264951,RWQ98527.1,GH5_25,1e-08,5.6e-12,33.8,79:298,219
264951,RWQ99563.1,GH5_25,4.6e-07,2.5e-10,28.4,141:286,145
2017,SHF36272.1,GH6,2.8e-54,4.3e-58,183.2,43:309,266
2017,SHG04458.1,GH5_1,5.2e-11,8e-15,40.9,181:380,199
2017,SHG04458.1,GH5_5,7e-10,1.1e-13,37.1,190:384,194
2017,SHG04458.1,GH5_4,2.1e-06,3.3e-10,25.7,184:378,194
2017,SHG04458.1,GH5_25,3.3e-06,5e-10,25.1,179:286,107
383372,ABU56316.1,GH5_4,1.5e-07,7e-11,28.9,53:248,195
383372,ABU56316.1,GH5_25,6.2e-30,4.3e-33,102.3,36:280,244
383372,ABU56316.1,GH5_25,3.9e-09,2.7e-12,34.1,268:347,79
383372,ABU56316.1,GH5_5,7.1e-08,4.9e-11,29.9,36:233,197
110101,MFC7442781.1,GH5_25,2.6e-16,6.6e-20,57.5,93:358,265
110101,MFC7442781.1,GH5_1,3.5e-11,8.8e-15,40.8,78:364,286
110101,MFC7442781.1,GH5_4,7.1e-12,1.8e-15,43.0,101:341,240
28565,KAL1977890.1,GH9,2.5e-07,3.3e-11,28.9,543:682,139
28565,KAL1972720.1,GH5_4,2.4e-07,1.3e-10,29.0,77:218,141
28565,KAL1978348.1,GH12,6.2e-20,1.6e-23,70.4,154:328,174
28565,KAL1972720.1,GH5_2,8.2e-09,1.1e-12,34.0,70:321,251
28565,KAL1972720.1,GH5_1,6.7e-13,3.5e-16,47.3,55:332,277
28565,KAL1977055.1,GH5_1,1.2e-06,6.6e-10,26.7,72:328,256
28565,KAL1972720.1,GH5_5,1.1e-11,3e-15,43.1,67:297,230
28565,KAL1972720.1,GH5_25,1.1e-16,4.4e-20,59.6,66:336,270
28565,KAL1977055.1,GH5_25,2e-06,8.1e-10,26.0,78:174,96
285110,SJZ60874.1,GH9,6.4e-08,2.4e-11,29.3,382:522,140
301953,ADQ39796.1,GH5_4,8e-14,6.5e-17,48.7,25:202,177
301953,ADQ41479.1,GH5_4,1.9e-10,1.5e-13,37.6,87:324,237
301953,ADQ39606.1,GH44,4.5e-265,1.8e-268,877.3,1229:1749,520
301953,ADQ41951.1,GH9,2.8e-174,3.4e-177,577.3,33:464,431
301953,ADQ41479.1,GH5_2,1.1e-94,4.3e-98,313.5,70:319,249
301953,ADQ39796.1,GH5_1,9.5e-15,3.8e-18,51.8,6:184,178
301953,ADQ41479.1,GH5_5,1.2e-06,1.9e-09,25.1,97:324,227
301953,ADQ39796.1,GH5_5,2.8e-06,4.5e-09,23.9,24:185,161
301953,ADQ39796.1,GH5_25,7.8e-27,6.3e-30,91.4,21:295,274
301953,ADQ41479.1,GH5_25,7.2e-12,5.8e-15,42.3,86:324,238
425468,ORA20077.1,GH6,1.1e-63,2e-67,213.8,55:318,263
1702097,BDB99994.1,GH12,2.9e-15,1.7e-18,54.1,139:306,167
1702097,BDC00005.1,GH12,2.5e-12,1.5e-15,44.6,141:314,173
1426,ANZ30852.1,GH9,2.8e-07,7.5e-11,27.7,330:481,151
575178,MBA2872297.1,GH9,9.9e-07,2.8e-10,25.8,385:541,156
706427,MBM7556745.1,GH5_2,8.7e-51,5.7e-54,170.1,0:117,117
373054,GGK07858.1,GH9,5.3e-06,2.2e-09,22.8,403:596,193
126738,AJG41198.1,GH12,2.2e-26,2.4e-29,89.3,101:269,168
126738,AJG41199.1,GH12,1.6e-25,1.8e-28,86.5,103:271,168
126738,AJG41198.1,GH12,3.4e-10,3.7e-13,36.8,103:248,145
126738,AJG41199.1,GH12,3.7e-08,4e-11,30.2,105:251,146
644295,ADI73986.1,GH9,3.9e-07,1.7e-10,26.5,434:579,145
926569,BAJ62400.1,GH5_1,1.1e-11,1.4e-14,42.0,8:227,219
926569,BAJ63901.1,GH5_1,3.6e-13,4.5e-16,47.0,90:370,280
926569,BAJ62400.1,GH5_5,2.3e-18,2.2e-21,63.8,7:214,207
926569,BAJ63901.1,GH5_5,9.3e-17,8.8e-20,58.6,90:371,281
926569,BAJ63901.1,GH5_4,5.3e-42,5e-45,141.5,101:365,264
926569,BAJ62400.1,GH5_4,1e-15,9.5e-19,55.3,27:227,200
926569,BAJ63901.1,GH5_25,1.2e-119,1.1e-122,396.2,89:367,278
926569,BAJ62400.1,GH5_25,6e-37,5.7e-40,124.9,8:252,244
926569,BAJ62400.1,GH5_25,1.5e-07,1.4e-10,28.4,233:323,90
926569,BAJ63901.1,GH5_2,2.7e-13,1.7e-16,47.4,108:294,186
926569,BAJ62400.1,GH5_2,1.2e-11,7.3e-15,42.1,9:229,220
237684,GAA0503070.1,GH9,5.8e-07,1.6e-10,26.6,377:581,204
1411118,MBA9001589.1,GH5_25,8.7e-20,5e-23,69.7,67:336,269
1411118,MBA9001602.1,GH5_25,7.1e-08,4.1e-11,30.6,50:348,298
1411118,MBA9005569.1,GH5_25,1.8e-06,1.1e-09,26.0,49:243,194
1411118,MBA9001602.1,GH5_1,2.1e-119,9.1e-123,397.0,38:352,314
1411118,MBA9005569.1,GH5_1,3e-20,1.3e-23,71.3,35:288,253
1411118,MBA9001589.1,GH5_1,3.9e-13,1.7e-16,47.9,55:336,281
1411118,MBA9001610.1,GH6,4.2e-65,1.2e-68,218.8,182:464,282
1411118,MBA9001610.1,GH6,2.8e-17,8e-21,61.8,473:531,58
1411118,MBA9004582.1,GH6,1.1e-57,3.1e-61,194.5,54:375,321
1411118,MBA9001589.1,GH5_5,6.9e-10,6e-13,37.2,70:254,184
1411118,MBA9005569.1,GH5_5,1.7e-09,1.4e-12,35.9,77:240,163
1411118,MBA9001608.1,GH48,1.5e-269,2.2e-273,894.3,336:970,634
1411118,MBA9004146.1,GH12,4.8e-34,7e-38,116.0,107:255,148
1411118,MBA9001589.1,GH5_4,2.1e-06,9.2e-10,25.8,76:333,257
1411118,MBA9001589.1,GH5_2,2.2e-08,6.4e-12,32.4,85:253,168
1411118,MBA9005569.1,GH5_2,1.4e-08,3.9e-12,33.1,38:270,232
47303,MUN29067.1,GH12,7.1e-09,3.2e-12,32.8,170:343,173
632348,ADQ45730.1,GH5_2,3.2e-11,5.2e-14,40.2,41:282,241
632348,ADQ45732.1,GH5_2,8.6e-12,1.4e-14,42.1,308:547,239
632348,ADQ45728.1,GH5_2,3e-11,4.9e-14,40.4,41:283,242
632348,ADQ47167.1,GH5_25,4.6e-26,9.3e-29,88.8,16:295,279
632348,ADQ45730.1,GH5_25,5.3e-10,1.1e-12,36.1,73:292,219
632348,ADQ45730.1,GH5_25,3e-06,6.1e-09,23.8,829:1024,195
632348,ADQ45732.1,GH5_25,1.6e-10,3.3e-13,37.8,337:549,212
632348,ADQ45728.1,GH5_25,5.1e-10,1e-12,36.2,73:302,229
632348,ADQ47167.1,GH5_4,1.9e-16,3.8e-19,57.3,24:294,270
632348,ADQ45728.1,GH44,1.6e-269,6.4e-273,892.0,763:1283,520
632348,ADQ45729.1,GH48,0.0,0.0,1050.3,850:1472,622
632348,ADQ45737.1,GH48,0.0,0.0,1045.1,1210:1832,622
632348,ADQ45727.1,GH48,0.0,0.0,1043.4,1103:1725,622
632348,ADQ45727.1,GH9,1.2e-175,2e-178,581.8,35:466,431
632348,ADQ45731.1,GH9,1.8e-170,2.9e-173,564.8,41:460,419
632348,ADQ45730.1,GH5_5,4.3e-11,1e-13,39.7,95:254,159
632348,ADQ45732.1,GH5_5,1.3e-11,3.2e-14,41.3,357:518,161
632348,ADQ45728.1,GH5_5,4.7e-11,1.1e-13,39.5,95:253,158
632348,ADQ47167.1,GH5_5,7e-06,1.7e-08,22.5,18:206,188
632348,ADQ45730.1,GH5_1,7.7e-47,1.6e-49,157.2,51:297,246
632348,ADQ45730.1,GH5_1,8.6e-120,1.7e-122,396.8,818:1158,340
632348,ADQ45732.1,GH5_1,3.7e-47,7.6e-50,158.2,314:561,247
632348,ADQ45728.1,GH5_1,1.5e-46,3e-49,156.3,51:297,246
632348,ADQ47167.1,GH5_1,3.1e-15,6.2e-18,53.4,5:298,293
68825,KKA18928.1,GH9,2.8e-06,2.8e-10,25.8,462:604,142
68825,KKA21438.1,GH12,5.6e-42,5.7e-46,142.2,100:249,149
68825,KKA19681.1,GH5_5,4.3e-121,2.2e-124,402.3,34:312,278
68825,KKA22027.1,GH5_5,1e-11,5.1e-15,43.7,66:282,216
68825,KKA17010.1,GH5_5,1.8e-07,9.4e-11,29.7,112:358,246
68825,KKA23812.1,GH6,6.4e-133,6.5e-137,442.0,116:425,309
68825,KKA17510.1,GH5_1,6.1e-48,4.4e-51,162.8,100:422,322
68825,KKA23484.1,GH5_1,5.8e-14,4.1e-17,51.2,102:369,267
68825,KKA22027.1,GH5_1,4.9e-13,3.5e-16,48.1,52:310,258
68825,KKA20841.1,GH5_1,2.3e-11,1.6e-14,42.7,69:289,220
68825,KKA24880.1,GH5_1,4e-06,2.9e-09,25.4,78:385,307
68825,KKA17010.1,GH5_25,2.1e-37,1.7e-40,128.0,101:385,284
68825,KKA22027.1,GH5_25,1.6e-14,1.3e-17,53.0,57:338,281
68825,KKA19681.1,GH5_25,1.5e-12,1.2e-15,46.5,40:301,261
68825,KKA20841.1,GH5_25,4.5e-08,3.6e-11,31.8,77:282,205
68825,KKA22027.1,GH5_2,1.7e-07,5.2e-11,30.0,62:254,192
68825,KKA19681.1,GH5_2,1.7e-08,5.1e-12,33.3,57:251,194
68825,KKA22890.1,GH45,3.8e-60,3.8e-64,202.7,22:221,199
68825,KKA17010.1,GH5_4,5.4e-66,5.5e-69,221.7,114:384,270
68825,KKA19681.1,GH5_4,1.8e-12,1.8e-15,46.2,57:305,248
68825,KKA22027.1,GH5_4,1.8e-06,1.8e-09,26.6,70:334,264
68825,KKA20991.1,GH7,3.1e-213,6.4e-217,707.2,19:453,434
68825,KKA22296.1,GH7,3.6e-154,7.4e-158,512.6,17:413,396
209285,EGS18971.1,GH5_25,1.4e-10,6e-14,39.5,110:319,209
209285,EGS18038.1,GH45,3.3e-92,9.2e-96,306.9,24:226,202
209285,EGS20050.1,GH45,8.8e-89,2.5e-92,295.7,23:220,197
209285,EGS18971.1,GH5_4,1.7e-10,9.3e-14,39.3,109:300,191
209285,EGS21251.1,GH7,2e-211,1.1e-214,700.8,19:453,434
209285,EGS18763.1,GH7,6.8e-193,3.8e-196,639.8,17:452,435
209285,EGS24065.1,GH7,4.8e-189,2.7e-192,627.1,23:450,427
209285,EGS20074.1,GH7,2.3e-153,1.3e-156,509.5,17:414,397
209285,EGS18971.1,GH5_2,1.8e-08,7.7e-12,32.7,97:316,219
209285,EGS19001.1,GH5_1,3e-46,1.3e-49,156.8,76:390,314
209285,EGS18473.1,GH6,5.1e-131,2.1e-134,435.3,132:442,310
209285,EGS20023.1,GH6,1.2e-115,5.1e-119,384.8,60:363,303
209285,EGS19718.1,GH6,2.5e-99,1e-102,331.3,51:361,310
209285,EGS18971.1,GH5_5,3.1e-112,2.2e-115,372.8,93:370,277
209285,EGS22494.1,GH5_5,3.8e-25,2.7e-28,87.2,38:134,96
209285,EGS22494.1,GH5_5,1.6e-37,1.1e-40,127.8,129:251,122
209285,EGS20928.1,GH5_5,7.9e-24,5.5e-27,82.9,0:99,99
209285,EGS22518.1,GH5_5,9.3e-13,6.5e-16,46.6,195:303,108
209285,EGS20370.1,GH12,1.3e-16,1.8e-20,59.6,118:268,150
29372,ENZ03507.1,GH5_25,2.6e-06,1.6e-09,24.4,48:187,139
2587410,AEO69910.1,GH5_4,8.2e-15,6.7e-18,53.9,127:386,259
2587410,AEO67179.1,GH5_4,1.2e-13,9.8e-17,50.1,60:314,254
2587410,AEO68519.1,GH5_4,1.7e-11,1.4e-14,43.1,63:259,196
2587410,AEO70679.1,GH5_4,4.4e-10,3.6e-13,38.4,104:294,190
2587410,AEO62940.1,GH5_4,6.9e-06,5.6e-09,24.6,90:321,231
2587410,AEO69910.1,GH5_25,3.7e-15,3.4e-18,55.0,132:382,250
2587410,AEO67179.1,GH5_25,6.9e-15,6.3e-18,54.1,66:294,228
2587410,AEO68519.1,GH5_25,1.2e-08,1.1e-11,33.6,55:239,184
2587410,AEO70679.1,GH5_25,3.5e-06,3.2e-09,25.6,103:310,207
2587410,AEO64066.1,GH7,1.8e-204,9.3e-208,678.3,0:423,423
2587410,AEO67140.1,GH7,6.4e-148,3.3e-151,492.0,20:418,398
2587410,AEO67421.1,GH7,2.5e-143,1.3e-146,476.9,23:397,374
2587410,AEO63146.1,GH7,4.8e-06,2.5e-09,24.5,17:69,52
2587410,AEO63146.1,GH7,1.2e-26,5.9e-30,92.5,63:163,100
2587410,AEO63146.1,GH7,4.7e-56,2.4e-59,189.3,160:335,175
2587410,AEO62940.1,GH5_2,6.5e-09,4.7e-12,34.7,144:318,174
2587410,AEO67179.1,GH5_2,3.1e-08,2.2e-11,32.4,67:305,238
2587410,AEO69910.1,GH5_2,6.5e-07,4.6e-10,28.1,131:338,207
2587410,AEO70679.1,GH5_2,4.6e-07,3.3e-10,28.6,93:310,217
2587410,AEO65930.1,GH45,4.5e-91,9.2e-95,303.7,24:226,202
2587410,AEO62210.1,GH6,9.1e-129,1.9e-132,428.4,137:447,310
2587410,AEO64572.1,GH6,2.8e-115,5.7e-119,384.1,59:362,303
2587410,AEO70062.1,GH5_1,8e-49,1.1e-51,165.7,66:380,314
2587410,AEO68439.1,GH5_1,1.7e-07,2.4e-10,30.0,45:137,92
2587410,AEO68439.1,GH5_1,2e-11,2.8e-14,42.9,118:384,266
2587410,AEO69593.1,GH5_1,6e-09,8.6e-12,34.7,114:378,264
2587410,AEO67907.1,GH5_1,7.3e-13,1e-15,47.6,110:307,197
2587410,AEO69910.1,GH5_1,3e-11,4.2e-14,42.3,129:391,262
2587410,AEO67179.1,GH5_1,5.1e-11,7.2e-14,41.5,64:321,257
2587410,AEO68519.1,GH5_1,5.6e-11,7.9e-14,41.4,30:303,273
2587410,AEO70679.1,GH5_1,2.2e-08,3.1e-11,32.9,81:294,213
2587410,AEO62940.1,GH5_1,3e-08,4.3e-11,32.4,95:331,236
2587410,AEO66394.1,GH5_1,4e-08,5.8e-11,32.0,31:226,195
2587410,AEO68296.1,GH12,9.7e-49,3e-52,164.1,95:244,149
2587410,AEO67160.1,GH12,3.8e-39,1.2e-42,133.0,85:236,151
2587410,AEO69079.1,GH12,5.7e-15,1.7e-18,54.6,103:235,132
2587410,AEO70679.1,GH5_5,3.5e-115,2.5e-118,382.9,89:367,278
2587410,AEO68519.1,GH5_5,2.8e-112,2e-115,373.4,39:319,280
2587410,AEO69910.1,GH5_5,2.1e-97,1.5e-100,324.6,92:392,300
2587410,AEO67179.1,GH5_5,3.3e-89,2.4e-92,297.8,32:324,292
2587410,AEO62940.1,GH5_5,4.2e-86,3e-89,287.6,24:331,307
186497,QEK78526.1,GH12,4.2e-26,2.1e-29,88.5,147:307,160
1343739,AIF69907.1,GH12,3.5e-18,1.8e-21,62.8,112:282,170
368624,EMA59581.1,GH5_25,2e-07,6.2e-11,28.1,123:275,152
1323375,AZR73456.1,GH5_2,2.7e-25,8.9e-29,86.6,22:178,156
1323375,AZR73456.1,GH5_25,5.2e-15,1.7e-18,52.9,17:155,138
1323375,AZR73456.1,GH5_5,7.5e-15,5e-18,52.3,24:119,95
1189325,SET67401.1,GH12,4.9e-14,1.6e-17,50.0,86:237,151
1732,SDB31725.1,GH5_4,5.6e-08,2.1e-11,29.6,67:247,180
1732,SDB31725.1,GH5_2,1.4e-90,5.5e-94,300.0,53:299,246
1732,SDB31725.1,GH5_25,6.6e-18,2.5e-21,62.2,68:259,191
1732,SDB31725.1,GH5_5,2.7e-13,1e-16,46.9,61:258,197
33950,MGJ7044304.1,GH9,8.6e-06,3.6e-09,22.2,19:156,137
525903,ACZ19972.1,GH5_25,8.3e-08,4.8e-11,28.4,178:338,160
471852,ACY97312.1,GH6,2.1e-55,4.3e-59,186.5,67:388,321
1485204,MFC4075870.1,GH5_25,8.7e-15,2.7e-18,52.2,188:357,169
89367,GAA0523656.1,GH5_1,2.3e-09,4.6e-13,35.1,8:107,99
1702242,MBP2071443.1,GH5_1,4.4e-11,4.4e-14,40.0,3:184,181
1702242,MBP2071438.1,GH5_1,6.4e-06,6.4e-09,23.1,3:187,184
1702242,MBP2071443.1,GH5_25,3.9e-26,5.3e-29,89.3,15:295,280
1702242,MBP2071443.1,GH5_5,1e-07,1.3e-10,28.9,1:177,176
1702242,MBP2071443.1,GH5_4,4e-07,4.1e-10,27.0,18:190,172
768534,GAA4515356.1,GH9,2.8e-56,2.1e-59,188.7,116:574,458
405,ABE50281.1,GH5_5,1.7e-11,6.1e-15,41.1,188:455,267
405,ABE50281.1,GH5_1,1.3e-15,4.7e-19,54.8,193:465,272
405,ABE50281.1,GH5_2,1.1e-15,4e-19,55.0,187:385,198
405,ABE50281.1,GH5_4,1.5e-12,5.4e-16,44.7,203:457,254
405,ABE50281.1,GH5_25,8.6e-37,3.1e-40,124.2,203:461,258
246969,EEB73138.1,GH5_25,3.9e-17,1.7e-20,59.4,81:307,226
246969,EEB73588.2,GH12,2.1e-22,9.5e-26,76.6,125:283,158
195522,AHL22547.1,GH5_25,7.2e-17,3.2e-20,58.5,82:271,189
1519374,SNT74575.1,GH9,8.3e-30,5.6e-33,101.6,124:275,151
1519374,SNT74575.1,GH9,1.1e-84,7.7e-88,282.3,278:620,342
1519374,SNT74067.1,GH9,3.3e-15,2.2e-18,53.5,396:766,370
204046,PNS01287.1,GH5_4,3.1e-07,1.6e-10,26.8,99:262,163
204046,PNS01287.1,GH5_2,1.3e-92,6.4e-96,306.3,61:309,248
204046,PNS01287.1,GH5_25,6.4e-15,3.2e-18,52.0,81:314,233
204046,PNS01287.1,GH5_5,5.7e-06,2.8e-09,22.5,82:276,194
1679083,RQG94244.1,GH9,1.5e-33,3.6e-37,114.4,123:603,480
766760,AGN36513.1,GH5_2,8.4e-102,6e-105,337.5,53:292,239
766760,AGN36284.1,GH5_2,1.1e-13,7.8e-17,49.1,70:257,187
766760,AGN37700.1,GH12,5.6e-41,1.3e-44,137.8,108:260,152
766760,AGN36284.1,GH5_4,4.7e-90,2.2e-93,299.4,69:332,263
766760,AGN36513.1,GH5_4,8e-07,3.8e-10,26.5,95:246,151
766760,AGN36284.1,GH5_25,5e-63,5.9e-66,210.8,56:333,277
766760,AGN36513.1,GH5_25,3.3e-18,3.9e-21,63.8,87:297,210
766760,AGN36282.1,GH9,1.3e-179,6.1e-183,595.7,40:475,435
766760,AGN36284.1,GH5_5,5.5e-14,7.9e-17,49.9,55:338,283
766760,AGN36513.1,GH5_5,1.7e-08,2.5e-11,31.9,69:263,194
766760,AGN36283.1,GH48,5.9e-210,1.4e-213,696.8,2:473,471
766760,AGN36283.1,GH48,2.4e-51,5.6e-55,173.0,468:700,232
766760,AGN36284.1,GH5_1,3.7e-13,1.8e-16,47.3,58:336,278
1006576,CEP78490.1,GH5_2,1.6e-87,8.6e-91,289.6,65:322,257
1006576,CEP78490.1,GH5_25,3.2e-08,1.7e-11,29.9,86:311,225
74386,MBB6512495.1,GH5_1,3.6e-11,1.1e-14,40.4,60:334,274
74386,MBB6512495.1,GH5_5,9.2e-10,1.1e-12,35.7,42:251,209
74386,MBB6512495.1,GH5_4,1.6e-83,4.9e-87,277.7,59:338,279
74386,MBB6512495.1,GH5_2,1.7e-06,5.3e-10,25.2,59:254,195
74386,MBB6512495.1,GH5_25,6e-41,1.9e-44,138.0,45:339,294
28237,PNS01449.1,GH5_25,2.3e-14,1.2e-17,50.1,81:313,232
28237,PNS01449.1,GH5_5,6.4e-06,3.3e-09,22.4,82:271,189
28237,PNS01449.1,GH5_4,2e-06,1e-09,24.1,100:262,162
28237,PNS01449.1,GH5_2,5e-93,5.1e-96,307.7,61:309,248
310769,QAV33433.1,GH5_5,7.6e-14,3.8e-17,48.4,55:253,198
310769,QAV33433.1,GH5_25,2e-133,9.9e-137,440.7,55:332,277
310769,QAV33433.1,GH5_1,2.3e-12,1.2e-15,43.6,49:334,285
310769,QAV33433.1,GH5_2,7.6e-16,7.7e-19,55.1,81:251,170
310769,QAV33433.1,GH5_4,2.1e-50,1.1e-53,168.3,67:330,263
767519,SFR99133.1,GH5_4,2.7e-10,3.2e-13,37.9,141:315,174
767519,SFR99177.1,GH5_4,1e-07,1.3e-10,29.4,166:327,161
767519,SFR99166.1,GH5_4,2.4e-07,2.9e-10,28.2,110:292,182
767519,SFR99161.1,GH5_4,8.1e-07,9.9e-10,26.4,153:315,162
767519,SFR99161.1,GH5_2,2.8e-28,3.5e-31,96.8,153:369,216
767519,SFR99177.1,GH5_2,5.9e-25,7.2e-28,85.9,165:374,209
767519,SFR99133.1,GH5_2,6e-24,7.3e-27,82.6,144:365,221
767519,SFR99166.1,GH5_2,5.2e-23,6.3e-26,79.6,73:341,268
767519,SFR99140.1,GH5_2,2e-09,2.4e-12,35.1,300:407,107
767519,SFR99161.1,GH5_1,2.5e-10,3.1e-13,38.0,78:375,297
767519,SFR99133.1,GH5_1,3.9e-09,4.8e-12,34.1,68:371,303
767519,SFR99177.1,GH5_1,4.7e-08,5.8e-11,30.5,168:372,204
767519,SFR85302.1,GH5_1,2.4e-07,3e-10,28.2,77:279,202
767519,SFR99156.1,GH12,1.6e-06,3.9e-10,26.0,139:293,154
767519,SFR99161.1,GH5_5,2e-10,3e-13,38.2,152:380,228
767519,SFR99177.1,GH5_5,7.8e-09,1.1e-11,33.0,164:372,208
767519,SFR99133.1,GH5_5,1.7e-07,2.6e-10,28.5,140:376,236
767519,SFR99166.1,GH5_5,3.7e-06,5.4e-09,24.2,104:289,185
767519,SFR88356.1,GH9,5.8e-91,1.4e-94,303.5,155:613,458
767519,SFR99161.1,GH5_25,1.9e-12,2.8e-15,44.9,125:330,205
767519,SFR99177.1,GH5_25,1.9e-07,2.8e-10,28.5,164:353,189
767519,SFR99166.1,GH5_25,1.4e-07,2.1e-10,28.9,116:333,217
767519,SFR99133.1,GH5_25,6.4e-07,9.3e-10,26.8,140:334,194
767519,SFR85302.1,GH5_25,3.1e-06,4.5e-09,24.5,63:234,171
515635,ACK42859.1,GH5_4,2.9e-84,8.3e-87,279.2,55:322,267
515635,ACK41602.1,GH5_4,3.9e-51,1.1e-53,170.6,43:308,265
515635,ACK41954.1,GH5_4,5.1e-49,1.5e-51,163.6,39:304,265
515635,ACK41956.1,GH5_4,1.9e-15,5.6e-18,53.5,23:297,274
515635,ACK41602.1,GH5_2,6.8e-20,2e-22,68.1,50:261,211
515635,ACK41954.1,GH5_2,3.2e-18,9.2e-21,62.7,28:227,199
515635,ACK42859.1,GH5_2,1.3e-11,3.7e-14,41.0,64:252,188
515635,ACK41602.1,GH5_25,4.5e-136,1.3e-138,449.2,31:310,279
515635,ACK41954.1,GH5_25,3.6e-125,1e-127,413.4,28:305,277
515635,ACK42859.1,GH5_25,5.6e-61,1.6e-63,202.9,42:323,281
515635,ACK41956.1,GH5_25,2e-30,5.8e-33,102.6,11:298,287
515635,ACK41435.1,GH44,2.8e-245,1.6e-248,811.5,44:563,519
515635,ACK41916.1,GH12,1.3e-20,7.4e-24,70.5,116:286,170
515635,ACK41602.1,GH5_1,2.8e-15,9.5e-18,53.1,29:313,284
515635,ACK41956.1,GH5_1,6.5e-15,2.2e-17,51.8,5:186,181
515635,ACK41954.1,GH5_1,6.5e-14,2.2e-16,48.6,19:306,287
515635,ACK42859.1,GH5_1,5.6e-11,1.9e-13,38.9,57:325,268
515635,ACK41954.1,GH5_5,1.7e-18,5e-21,63.4,28:308,280
515635,ACK41602.1,GH5_5,2.5e-18,7.3e-21,62.9,30:230,200
515635,ACK42859.1,GH5_5,1.6e-12,4.5e-15,43.9,43:327,284
1848,SHL22321.1,GH6,5.8e-54,3e-57,182.0,52:316,264
1848,SHL22330.1,GH6,1.8e-53,9.1e-57,180.4,87:355,268
1848,SHK04945.1,GH6,2.3e-51,1.2e-54,173.4,56:317,261
1848,SHK63702.1,GH12,5.7e-33,1.9e-36,112.3,101:245,144
1848,SHL45255.1,GH12,3.2e-29,1.1e-32,100.1,162:308,146
1027249,SHN33535.1,GH5_5,8.3e-06,6.8e-09,22.9,120:331,211
1027249,SHN33535.1,GH5_4,1.7e-09,4.6e-13,35.1,104:329,225
1027249,SHN33535.1,GH5_25,3.8e-13,2e-16,47.0,89:275,186
1027249,SHN33535.1,GH5_2,2.3e-88,1.2e-91,293.3,65:324,259
1028566,AGE71770.1,GH12,5.5e-10,2.4e-13,36.4,142:214,72
185696,GHE77751.1,GH12,7.1e-22,9.4e-26,76.7,88:230,142
243274,AHD18355.1,GH5_1,1.5e-16,2.4e-19,57.3,33:314,281
243274,AHD18354.1,GH5_1,6.6e-14,1.1e-16,48.6,6:197,191
243274,AHD18355.1,GH5_5,9.9e-19,1.6e-21,64.3,33:236,203
243274,AHD18579.1,GH12,1.2e-27,1.3e-30,93.4,139:307,168
243274,AHD18578.1,GH12,3e-26,3.2e-29,88.9,103:272,169
243274,AHD18355.1,GH5_4,3e-47,3.2e-50,157.9,45:309,264
243274,AHD18354.1,GH5_4,1.9e-13,2e-16,47.1,22:297,275
243274,AHD18355.1,GH5_25,9.3e-135,1e-137,445.0,33:311,278
243274,AHD18354.1,GH5_25,2.7e-30,2.9e-33,102.3,10:298,288
243274,AHD18355.1,GH5_2,1.3e-16,2.1e-19,57.5,50:232,182
456330,SHF88345.1,GH5_5,9.4e-17,1e-19,58.3,7:217,210
456330,SHF73518.1,GH5_5,1.3e-08,1.4e-11,31.7,0:177,177
456330,SHF88345.1,GH5_1,1.2e-17,1.4e-20,61.4,4:224,220
456330,SHF73518.1,GH5_1,1.2e-12,1.3e-15,45.1,17:184,167
456330,SHF77449.1,GH5_1,3.8e-08,4.2e-11,30.3,38:197,159
456330,SHF88345.1,GH5_25,1.4e-42,2e-45,143.2,8:227,219
456330,SHF88345.1,GH5_25,3.2e-07,4.8e-10,27.1,237:321,84
456330,SHF73518.1,GH5_25,3.3e-25,4.9e-28,86.1,12:295,283
456330,SHF77449.1,GH5_25,1.1e-08,1.6e-11,32.0,39:273,234
456330,SHF88345.1,GH5_2,6.6e-14,2.4e-17,49.2,10:226,216
456330,SHF88345.1,GH5_4,1.8e-16,1.3e-19,57.5,28:227,199
456330,SHF73518.1,GH5_4,1.7e-08,1.2e-11,31.4,15:179,164
872965,KPL89124.1,GH5_2,1.4e-06,1.1e-09,25.1,231:470,239
872965,KPL88683.1,GH5_25,2.3e-06,1.8e-09,24.3,50:235,185
872965,KPL88393.1,GH9,4.2e-170,1.6e-173,563.6,36:473,437
872965,KPL88683.1,GH5_1,9.5e-119,1.1e-121,393.4,38:362,324
53635,ACU54908.1,GH5_5,1.2e-10,1.2e-13,37.9,68:267,199
53635,ACU53036.1,GH5_5,1.4e-08,1.4e-11,31.1,89:277,188
53635,ACU54908.1,GH5_1,4.9e-13,5e-16,45.8,47:338,291
53635,ACU53036.1,GH5_1,1.3e-12,1.3e-15,44.5,55:340,285
53635,ACU54908.1,GH5_2,1.5e-18,1.5e-21,64.0,70:326,256
53635,ACU53036.1,GH5_2,1.7e-14,1.7e-17,50.6,59:333,274
53635,ACU54908.1,GH5_25,2.2e-10,2.2e-13,37.1,69:280,211
53635,ACU53036.1,GH5_25,1.9e-06,1.9e-09,24.2,99:214,115
53635,ACU54908.1,GH5_4,9.8e-10,1e-12,35.0,70:247,177
1661150,MFD1678098.1,GH44,6.3e-11,1.2e-14,39.9,34:156,122
1661150,MFD1678098.1,GH44,1e-73,2e-77,247.1,205:604,399
1661150,MFD1673830.1,GH12,2.9e-16,5.5e-20,58.0,107:244,137
1186196,SEQ73461.1,GH5_4,3.7e-08,3.2e-11,31.0,151:332,181
1186196,SEQ73759.1,GH5_4,3.2e-06,2.7e-09,24.7,289:447,158
1186196,SEQ80069.1,GH12,3.9e-06,1.7e-09,25.0,163:311,148
1186196,SEQ73461.1,GH5_2,3.2e-23,2.7e-26,80.4,161:385,224
1186196,SEQ73665.1,GH5_2,7.5e-10,6.4e-13,36.7,188:317,129
1186196,SEQ73901.1,GH5_2,5e-08,4.3e-11,30.7,294:404,110
1186196,SEQ73759.1,GH5_2,6.5e-12,5.6e-15,43.4,295:430,135
1186196,SEQ73461.1,GH5_25,9.9e-08,8.4e-11,29.6,158:338,180
1186196,SEQ73461.1,GH5_5,3.1e-06,2.7e-09,24.6,157:325,168
5088,KAL2013241.1,GH5_2,1.7e-08,5e-12,33.4,74:268,194
5088,KAL2010278.1,GH7,1.6e-213,1.5e-217,708.3,19:456,437
5088,KAL2013241.1,GH5_4,2e-10,9.6e-14,39.6,59:307,248
5088,KAL2013241.1,GH5_25,4.3e-10,2.5e-13,38.5,43:278,235
5088,KAL2013012.1,GH5_25,1.6e-06,9.1e-10,26.8,78:317,239
5088,KAL2013241.1,GH5_5,3.6e-120,1e-123,399.4,36:314,278
5088,KAL2008531.1,GH5_1,4.3e-46,2.1e-49,156.8,108:430,322
5088,KAL2013241.1,GH5_1,2.3e-11,1.1e-14,42.7,27:312,285
5088,KAL2013012.1,GH5_1,5.1e-10,2.4e-13,38.3,79:327,248
5088,KAL2007894.1,GH5_1,2.2e-08,1.1e-11,32.9,81:288,207
1004304,PZX64826.1,GH9,1.5e-91,5.3e-95,305.0,113:570,457
309799,ACI18413.1,GH5_4,2.1e-83,5.6e-86,276.5,55:322,267
309799,ACI19692.1,GH5_4,3.3e-50,8.6e-53,167.6,39:304,265
309799,ACI19154.1,GH5_4,1.1e-45,2.9e-48,152.8,19:286,267
309799,ACI19118.1,GH5_4,5.2e-17,1.4e-19,58.8,21:297,276
309799,ACI19692.1,GH5_2,4.2e-19,1.1e-21,65.7,28:226,198
309799,ACI19154.1,GH5_2,3.7e-17,9.7e-20,59.3,17:239,222
309799,ACI18413.1,GH5_2,1.4e-11,3.7e-14,41.1,73:251,178
309799,ACI19692.1,GH5_1,7.7e-14,2.4e-16,48.4,19:306,287
309799,ACI19118.1,GH5_1,5.4e-13,1.7e-15,45.7,4:186,182
309799,ACI19154.1,GH5_1,8.5e-12,2.7e-14,41.7,6:289,283
309799,ACI18413.1,GH5_1,1.6e-10,4.9e-13,37.6,58:325,267
309799,ACI19154.1,GH5_25,7.8e-129,2e-131,425.6,7:287,280
309799,ACI19692.1,GH5_25,2.9e-126,7.5e-129,417.1,28:305,277
309799,ACI18413.1,GH5_25,7.7e-60,2e-62,199.3,42:323,281
309799,ACI19118.1,GH5_25,4e-32,1.1e-34,108.3,11:298,287
309799,ACI19692.1,GH5_5,5.8e-20,1.5e-22,68.4,28:230,202
309799,ACI19154.1,GH5_5,2.8e-19,7.4e-22,66.1,6:200,194
309799,ACI18413.1,GH5_5,7.3e-12,1.9e-14,41.8,42:327,285
309799,ACI19111.1,GH12,2.4e-20,1.2e-23,69.8,116:287,171
309799,ACI18797.1,GH44,6e-229,3.1e-232,757.8,0:477,477
469371,ADG89357.1,GH6,3.9e-67,2.2e-70,224.5,208:492,284
469371,ADG89357.1,GH6,1.8e-18,1e-21,64.7,492:559,67
469371,ADG89529.1,GH6,2e-62,1.1e-65,209.1,44:307,263
469371,ADG87082.1,GH12,1.9e-43,5.5e-47,145.5,122:264,142
469371,ADG87649.1,GH5_1,1.3e-20,1.1e-23,71.6,38:290,252
469371,ADG89029.1,GH5_1,2.4e-11,2e-14,41.2,62:331,269
469371,ADG89029.1,GH5_25,6.1e-16,5.2e-19,56.1,63:331,268
469371,ADG87649.1,GH5_25,3.3e-07,2.8e-10,27.5,56:283,227
469371,ADG87649.1,GH5_5,3.3e-10,4.7e-13,37.3,40:244,204
469371,ADG89029.1,GH5_5,1.1e-08,1.5e-11,32.3,64:247,183
469371,ADG89029.1,GH5_4,1.7e-07,4.8e-11,28.5,66:329,263
469371,ADG89029.1,GH5_2,2e-07,1.1e-10,28.4,57:250,193
469371,ADG87649.1,GH5_2,5.4e-08,3.1e-11,30.2,41:271,230
469371,ADG88849.1,GH48,5.4e-289,1.5e-292,957.6,158:781,623
1378066,PPS45539.1,GH5_25,4.6e-29,5.2e-32,99.5,10:228,218
1378066,PPS45539.1,GH5_25,5.9e-09,6.7e-12,33.5,240:326,86
1378066,PPS43414.1,GH5_25,1.5e-26,1.7e-29,91.3,49:288,239
1378066,PPS43414.1,GH5_25,1.5e-07,1.7e-10,28.9,272:358,86
1378066,PPS44720.1,GH5_25,2.7e-13,3e-16,47.8,85:243,158
1378066,PPS39583.1,GH5_25,2.1e-13,2.4e-16,48.1,68:329,261
1378066,PPS41468.1,GH5_25,1.6e-06,1.8e-09,25.5,111:298,187
1378066,PPS45539.1,GH5_4,8.6e-12,9.7e-15,42.9,26:226,200
1378066,PPS39583.1,GH5_4,2.6e-11,2.9e-14,41.3,87:324,237
1378066,PPS44720.1,GH5_4,8.1e-07,9.1e-10,26.6,78:223,145
1378066,PPS44720.1,GH5_2,6.6e-39,5.9e-42,131.7,49:295,246
1378066,PPS39583.1,GH5_2,5.4e-31,4.9e-34,105.8,55:321,266
1378066,PPS43414.1,GH5_2,1.3e-08,1.1e-11,32.6,100:249,149
1378066,PPS45539.1,GH5_2,7.7e-08,6.9e-11,30.0,26:211,185
1378066,PPS41468.1,GH5_1,1.1e-110,9.8e-114,367.7,100:418,318
1378066,PPS45539.1,GH5_1,2.5e-09,2.2e-12,34.8,7:217,210
1378066,PPS39583.1,GH5_1,2e-09,1.8e-12,35.1,52:329,277
1378066,PPS43414.1,GH5_1,2.1e-09,1.9e-12,35.1,44:260,216
1378066,PPS45539.1,GH5_5,7.9e-15,1.1e-17,52.7,10:213,203
1378066,PPS39583.1,GH5_5,1.1e-14,1.5e-17,52.3,88:255,167
1378066,PPS43414.1,GH5_5,2.8e-12,3.8e-15,44.4,49:242,193
1378066,PPS44720.1,GH5_5,3.7e-11,5e-14,40.7,94:228,134
1378066,PPS41468.1,GH5_5,2.2e-06,3e-09,25.0,110:300,190
1677857,AUG57819.1,GH5_4,2.8e-103,3.6e-106,342.4,64:340,276
1677857,AUG58721.1,GH5_4,2.5e-09,3.3e-12,34.3,1:227,226
1677857,AUG56050.1,GH44,2.6e-246,8.3e-250,815.7,26:541,515
1677857,AUG58357.1,GH5_2,3.6e-99,4.7e-102,328.4,53:293,240
1677857,AUG58721.1,GH5_2,8.2e-61,1e-63,202.9,0:222,222
1677857,AUG57819.1,GH5_2,2.6e-08,3.4e-11,31.1,63:264,201
1677857,AUG56624.1,GH5_1,1.2e-57,1.5e-60,193.1,47:284,237
1677857,AUG56624.1,GH5_1,5.7e-45,7.3e-48,151.4,292:419,127
1677857,AUG57322.1,GH5_1,2.3e-62,3e-65,208.5,43:266,223
1677857,AUG57322.1,GH5_1,4.3e-39,5.5e-42,132.1,269:407,138
1677857,AUG57819.1,GH5_1,7.5e-14,9.6e-17,49.2,65:344,279
1677857,AUG58721.1,GH5_1,1.9e-06,2.4e-09,24.9,10:233,223
1677857,AUG57819.1,GH5_25,4.8e-54,9.2e-57,180.9,51:341,290
1677857,AUG58357.1,GH5_25,5.9e-14,1.1e-16,49.4,89:300,211
1677857,AUG58721.1,GH5_25,4.8e-10,9.2e-13,36.6,0:195,195
1677857,AUG58665.1,GH9,4.3e-178,1.9e-180,590.2,114:547,433
1677857,AUG57328.1,GH9,2.1e-173,9.4e-176,574.8,30:461,431
1677857,AUG57358.1,GH9,9.4e-170,4.2e-172,562.7,29:462,433
1677857,AUG56471.1,GH9,1e-150,4.7e-153,500.0,32:448,416
1677857,AUG57562.1,GH9,1.4e-149,6.2e-152,496.3,49:471,422
1677857,AUG56787.1,GH9,1.1e-148,4.8e-151,493.4,29:453,424
1677857,AUG57784.1,GH9,2.1e-146,9.5e-149,485.8,30:450,420
1677857,AUG58400.1,GH9,3.7e-137,1.7e-139,455.3,33:505,472
1677857,AUG57808.1,GH9,3.1e-133,1.4e-135,442.4,39:510,471
1677857,AUG56788.1,GH9,2e-130,8.8e-133,433.2,50:531,481
1677857,AUG56926.1,GH9,1.3e-127,5.8e-130,423.9,40:518,478
1677857,AUG58129.1,GH9,9e-119,4e-121,394.8,283:775,492
1677857,AUG57501.1,GH9,4.8e-104,2.2e-106,346.2,854:1293,439
1677857,AUG57819.1,GH5_5,2.3e-19,2.9e-22,67.1,50:346,296
1677857,AUG57322.1,GH5_5,7.9e-08,1e-10,29.3,54:215,161
1677857,AUG58357.1,GH5_5,4.1e-07,5.3e-10,26.9,72:294,222
1677857,AUG58811.1,GH48,2.2e-277,1.4e-280,919.1,46:669,623
1642702,OYD07033.1,GH5_1,1.6e-17,9e-21,61.4,42:293,251
1642702,OYD07033.1,GH5_25,1.4e-07,8e-11,28.7,58:228,170
1642702,OYD07033.1,GH5_5,1.9e-07,2.1e-10,28.2,45:288,243
1642702,OYD07033.1,GH5_2,3.5e-16,9.6e-20,57.1,45:280,235
515440,PWJ95895.1,GH5_2,6.2e-08,2.3e-11,29.6,575:655,80
1868734,WNF34553.1,GH9,1.1e-06,3.1e-10,25.7,308:482,174
1868734,WNF33670.1,GH5_5,8e-06,4.6e-09,22.9,35:168,133
1564487,CRZ33667.1,GH5_2,4e-15,4.5e-18,53.1,19:223,204
1564487,CRZ35717.1,GH5_2,6.6e-09,7.4e-12,32.8,95:300,205
1564487,CRZ35717.1,GH5_25,2.3e-55,1.8e-58,185.0,91:386,295
1564487,CRZ33667.1,GH5_25,7.1e-41,5.3e-44,137.5,8:248,240
1564487,CRZ33667.1,GH5_25,7.4e-09,5.5e-12,32.5,236:320,84
1564487,CRZ35394.1,GH48,0.0,0.0,1053.2,41:656,615
1564487,CRZ35717.1,GH5_4,1.6e-107,1.2e-110,356.0,109:385,276
1564487,CRZ33667.1,GH5_4,7.1e-21,5.3e-24,71.9,27:225,198
1564487,CRZ33667.1,GH5_5,2.2e-15,3.3e-18,53.8,7:212,205
1564487,CRZ35717.1,GH5_5,1e-15,1.5e-18,54.9,101:391,290
1564487,CRZ35393.1,GH9,4.5e-177,1.7e-180,586.6,30:461,431
1564487,CRZ33667.1,GH5_1,2.1e-16,1.6e-19,57.3,1:225,224
1564487,CRZ35717.1,GH5_1,1.1e-12,8.5e-16,45.1,108:389,281
1187080,RZS95331.1,GH5_4,2.4e-07,5.6e-11,28.2,56:234,178
1187080,RZS95331.1,GH5_25,5.8e-16,1.4e-19,56.5,41:349,308
1187080,RZS95331.1,GH5_1,9.9e-17,2.3e-20,59.1,39:358,319
108007,EHM10884.1,GH5_25,1.9e-08,1.1e-11,30.5,210:369,159
247480,QPA33130.1,GH9,7.7e-06,2.2e-09,22.9,349:490,141
439481,ADD09279.1,GH5_25,1.3e-17,1.7e-20,60.4,59:284,225
439481,ADD09279.1,GH5_4,1.7e-09,3.3e-12,33.8,82:261,179
439481,ADD08340.1,GH5_4,9.6e-06,1.9e-08,21.5,45:172,127
1008305,XEY14857.1,GH5_1,2.2e-14,1.2e-17,50.2,36:318,282
1008305,XEY14857.1,GH5_5,6.9e-17,3.7e-20,58.3,39:239,200
1008305,XEY14857.1,GH5_4,8.1e-50,4.3e-53,166.4,51:314,263
1008305,XEY14857.1,GH5_25,1.2e-131,6.1e-135,434.8,39:316,277
1008305,XEY14857.1,GH5_2,3.7e-15,3.9e-18,52.8,54:234,180
562970,ADG05167.1,GH9,5.3e-06,1.7e-09,23.2,390:542,152
2283,QGR21384.1,GH12,3.6e-08,1.5e-11,30.6,94:167,73
1191523,AFN73995.1,GH5_5,8.9e-12,1.6e-14,42.1,101:254,153
1191523,AFN73747.1,GH5_5,8e-12,1.4e-14,42.2,76:238,162
1191523,AFN73747.1,GH5_1,2.6e-18,4.6e-21,63.7,57:325,268
1191523,AFN75855.1,GH5_1,2.4e-08,4.2e-11,31.0,30:340,310
1191523,AFN73995.1,GH5_1,8.3e-07,1.5e-09,25.9,106:302,196
1191523,AFN73999.1,GH9,1.2e-113,2e-116,377.8,107:557,450
1191523,AFN75471.1,GH9,2.2e-69,3.8e-72,231.9,118:498,380
1191523,AFN75856.1,GH9,2.7e-19,4.8e-22,66.9,301:681,380
1191523,AFN76067.1,GH9,3.4e-10,6e-13,36.9,424:832,408
1191523,AFN73995.1,GH5_2,4.9e-102,3.4e-105,337.7,55:291,236
1191523,AFN73747.1,GH5_2,9.5e-26,6.7e-29,88.0,60:317,257
1191523,AFN75855.1,GH5_25,6.9e-27,1.2e-29,91.7,42:336,294
1191523,AFN73995.1,GH5_25,1.1e-18,2e-21,64.8,100:305,205
1191523,AFN73747.1,GH5_25,2e-17,3.6e-20,60.7,68:268,200
1191523,AFN73747.1,GH5_4,2.4e-12,2.6e-15,44.0,79:257,178
1191523,AFN75855.1,GH5_4,3e-09,3.2e-12,33.9,54:201,147
1191523,AFN73995.1,GH5_4,1.3e-08,1.4e-11,31.8,71:247,176
156203,PNR98600.1,GH5_4,1.5e-06,7.9e-10,24.5,100:261,161
156203,PNR98600.1,GH5_2,3.5e-93,1.8e-96,308.1,61:309,248
156203,PNR98600.1,GH5_5,8.5e-06,4.5e-09,21.9,82:281,199
156203,PNR98600.1,GH5_25,3.1e-14,1.6e-17,49.7,83:314,231
454171,CCW36053.1,GH5_1,7e-14,2.5e-17,49.1,106:369,263
454171,CCW34506.1,GH44,9.6e-12,3.4e-15,41.7,38:154,116
454171,CCW34506.1,GH44,1.5e-80,5.3e-84,268.7,201:554,353
454171,CCW36053.1,GH5_25,5.4e-12,1.9e-15,42.8,109:299,190
454171,CCW36053.1,GH5_4,4.8e-09,1.7e-12,33.2,113:358,245
454171,CCW36053.1,GH5_2,2.7e-06,1.9e-09,24.3,104:356,252
62609,GGP19934.1,GH12,2.8e-09,1.4e-12,33.9,162:326,164
1627895,TDT71386.1,GH9,5.5e-105,2.7e-108,348.7,313:754,441
62320,ADB61387.1,GH5_2,4.3e-27,1.7e-30,93.2,32:288,256
62320,ADB63457.1,GH5_2,6e-07,2.3e-10,27.3,31:249,218
62320,ADB61387.1,GH5_5,3.5e-06,6.8e-10,24.6,73:225,152
62320,ADB61387.1,GH5_25,7.5e-11,4.4e-14,40.0,41:278,237
1515,ABN52032.1,GH5_25,5.4e-58,1.5e-60,193.9,65:353,288
1515,ABN54006.1,GH5_25,3.3e-36,9.4e-39,122.4,5:243,238
1515,ABN54006.1,GH5_25,1.2e-08,3.4e-11,32.1,248:318,70
1515,ABN52700.1,GH5_25,9.9e-06,2.8e-08,22.5,366:481,115
1515,ABN53350.1,GH5_25,9.3e-07,2.6e-09,25.9,238:417,179
1515,ABN52032.1,GH5_4,8.9e-105,2e-107,347.3,77:353,276
1515,ABN54006.1,GH5_4,2.6e-19,5.7e-22,67.1,24:238,214
1515,ABN53395.1,GH5_2,1.2e-07,1.9e-10,28.9,102:182,80
1515,ABN52032.1,GH5_2,2.9e-08,4.5e-11,31.0,77:346,269
1515,ABN54006.1,GH5_2,5.4e-09,8.6e-12,33.3,85:226,141
1515,ABN51284.1,GH9,9.5e-157,5.4e-159,519.9,49:471,422
1515,ABN53960.1,GH9,6.9e-149,3.9e-151,494.0,29:453,424
1515,ABN51513.1,GH9,6.4e-145,3.6e-147,480.9,30:450,420
1515,ABN51671.1,GH9,1.5e-141,8.7e-144,469.8,40:511,471
1515,ABN53562.1,GH9,1.7e-134,9.4e-137,446.6,18:497,479
1515,ABN51859.1,GH9,2.3e-101,1.3e-103,337.5,314:749,435
1515,ABN53350.1,GH5_1,1.9e-114,5.3e-117,379.6,208:546,338
1515,ABN52032.1,GH5_1,1.6e-16,4.5e-19,58.0,65:361,296
1515,ABN54006.1,GH5_1,4.5e-14,1.3e-16,49.9,4:235,231
1515,ABN52700.1,GH5_1,6e-12,1.7e-14,42.9,188:484,296
1515,ABN51859.1,GH44,1.5e-274,4.8e-278,908.9,773:1284,511
1515,ABN52032.1,GH5_5,1.4e-20,3.5e-23,71.1,64:358,294
1515,ABN54006.1,GH5_5,3e-18,7.6e-21,63.5,5:252,247
1515,ABN53350.1,GH5_5,6.1e-07,1.5e-09,26.4,218:463,245
392010,TDY42593.1,GH5_2,9.4e-11,3.2e-14,39.0,70:226,156
392010,TDY42593.1,GH5_4,2.3e-14,7.9e-18,50.7,25:227,202
392010,TDY42593.1,GH5_5,7.2e-17,2.5e-20,58.8,5:263,258
392010,TDY42593.1,GH5_25,1.3e-36,4.5e-40,123.6,6:227,221
392010,TDY42593.1,GH5_25,3.4e-06,1.1e-09,23.9,244:321,77
392010,TDY42593.1,GH5_1,1.8e-18,6.2e-22,64.2,3:231,228
392010,TDY51403.1,GH9,7.2e-110,2.4e-113,365.4,89:532,443
568899,SDH25727.1,GH9,8.2e-10,2.3e-13,36.0,363:633,270
880073,APF18720.1,GH5_2,2.1e-13,9.8e-17,48.2,64:243,179
880073,APF19198.1,GH5_2,2.2e-09,1e-12,35.0,145:297,152
880073,APF18720.1,GH5_25,1e-122,4.8e-126,406.7,46:324,278
880073,APF19198.1,GH5_25,6.5e-14,3.1e-17,49.7,46:265,219
880073,APF18720.1,GH5_4,3.7e-48,2.6e-51,162.0,58:322,264
880073,APF19198.1,GH5_4,2e-08,1.4e-11,31.7,54:244,190
880073,APF18708.1,GH9,1.1e-101,2.6e-105,338.9,111:561,450
880073,APF18720.1,GH5_5,3.9e-18,3.7e-21,63.5,46:326,280
880073,APF19198.1,GH5_5,8.2e-12,7.8e-15,42.8,49:302,253
880073,APF19198.1,GH5_1,2.9e-19,1.4e-22,67.4,47:299,252
880073,APF18720.1,GH5_1,2.8e-11,1.3e-14,41.1,51:327,276
269800,AAZ56209.1,GH9,2.1e-176,1.3e-179,584.7,50:484,434
269800,AAZ55662.1,GH9,7.8e-124,5e-127,411.4,300:771,471
269800,AAZ54658.1,GH6,5.3e-64,3.4e-67,214.0,189:478,289
269800,AAZ54658.1,GH6,1.9e-18,1.2e-21,64.5,478:545,67
269800,AAZ55112.1,GH6,3.9e-69,2.5e-72,230.9,41:305,264
269800,AAZ54938.1,GH5_2,3.6e-13,2.3e-16,47.0,41:276,235
269800,AAZ55992.1,GH48,8.3e-284,2.7e-287,940.3,343:978,635
269800,AAZ54938.1,GH5_1,1.8e-23,1.7e-26,80.8,43:293,250
269800,AAZ54938.1,GH5_25,3.8e-07,3.7e-10,27.1,54:248,194
269800,AAZ54938.1,GH5_5,4.2e-11,5.5e-14,40.0,42:245,203
44252,SUA85372.1,GH5_1,2.2e-124,6.9e-128,413.2,44:360,316
44252,SUA85391.1,GH5_1,5.6e-07,1.7e-10,27.6,67:208,141
44252,SUA85008.1,GH48,1e-203,1.6e-207,676.8,61:527,466
44252,SUA85008.1,GH48,6.5e-46,1e-49,155.7,524:759,235
44252,SUA85391.1,GH5_5,5.3e-10,7.4e-13,37.4,49:203,154
44252,SUA85391.1,GH5_4,1.6e-93,5.1e-97,311.4,68:350,282
44252,SUA85007.1,GH9,2.7e-177,2.1e-180,588.6,30:465,435
44252,SUA85373.1,GH9,1.5e-133,1.2e-136,444.5,46:527,481
44252,SUA85241.1,GH9,4e-104,3.1e-107,347.5,98:544,446
44252,SUA85391.1,GH5_25,1.4e-43,6.5e-47,147.7,54:351,297
44252,SUA85372.1,GH5_25,1.4e-07,6.7e-11,29.5,55:242,187
44252,SUD25377.1,GH6,7.7e-67,2.4e-70,224.4,52:341,289
44252,SUD25377.1,GH6,5.9e-15,1.8e-18,54.0,335:409,74
44252,SUA85374.1,GH6,1.3e-64,4.2e-68,217.0,53:345,292
44252,SUA85374.1,GH6,6.5e-16,2e-19,57.2,342:415,73
252246,SIS52809.1,GH9,1.1e-96,3.6e-100,322.0,85:528,443
12915,MUM65651.1,GH12,1.9e-09,8.1e-13,34.7,133:302,169
545502,MGF7013116.1,GH9,4.8e-07,1.3e-10,26.9,398:577,179
301141,POZ93100.1,GH5_2,3.9e-93,3.2e-96,308.3,61:309,248
301141,POZ93100.1,GH5_4,6.1e-07,2.5e-10,26.1,78:252,174
301141,POZ93100.1,GH5_25,3e-14,3.7e-17,50.1,81:314,233
301141,POZ93100.1,GH5_5,5.5e-06,2.2e-09,22.9,72:307,235
999630,AEA12777.1,GH12,8e-19,7.3e-22,65.0,85:248,163
2287,AZF77166.1,GH12,1.6e-18,1.2e-21,64.3,159:326,167
2287,AZF75130.1,GH12,2.8e-15,2.2e-18,53.8,144:318,174
1003997,GGJ00652.1,GH5_25,6.8e-24,2.7e-27,81.7,12:302,290
1003997,GGJ00652.1,GH5_4,6.2e-09,2.5e-12,32.7,23:189,166
1003997,GGJ00382.1,GH9,3.2e-104,1.3e-107,346.5,94:556,462
1003997,GGJ00652.1,GH5_1,3.1e-15,2.5e-18,53.4,4:188,184
720554,AEV67797.1,GH5_1,2.8e-116,3.6e-119,385.9,54:398,344
720554,AEV70372.1,GH5_1,3.4e-58,4.3e-61,195.1,46:286,240
720554,AEV70372.1,GH5_1,4.6e-49,5.9e-52,165.1,293:419,126
720554,AEV68583.1,GH5_1,3.2e-63,4.1e-66,211.6,46:269,223
720554,AEV68583.1,GH5_1,5.5e-38,7.1e-41,128.7,271:410,139
720554,AEV67086.1,GH5_1,3.5e-15,4.5e-18,53.9,65:345,280
720554,AEV69573.1,GH48,4.5e-287,2.3e-290,951.4,57:680,623
720554,AEV67733.1,GH9,4.2e-179,1.6e-181,593.9,29:460,431
720554,AEV69573.1,GH9,2e-177,7.6e-180,588.3,733:1166,433
720554,AEV69768.1,GH9,1.3e-151,5e-154,503.3,49:471,422
720554,AEV68203.1,GH9,2.2e-147,8.6e-150,489.3,29:453,424
720554,AEV68577.1,GH9,5.5e-146,2.1e-148,484.8,37:458,421
720554,AEV69539.1,GH9,2.2e-145,8.5e-148,482.8,38:511,473
720554,AEV68415.1,GH9,1.9e-141,7.2e-144,469.8,40:512,472
720554,AEV69770.1,GH9,8.2e-136,3.2e-138,451.2,33:443,410
720554,AEV68472.1,GH9,8.3e-133,3.2e-135,441.3,37:516,479
720554,AEV70357.1,GH9,1.3e-129,4.8e-132,430.9,306:791,485
720554,AEV68202.1,GH9,6.5e-129,2.5e-131,428.5,57:540,483
720554,AEV69564.1,GH9,5.2e-97,2e-99,323.4,313:750,437
720554,AEV67086.1,GH5_5,2e-17,1.5e-20,61.1,61:353,292
720554,AEV68583.1,GH5_5,3.2e-07,2.5e-10,27.6,58:254,196
720554,AEV67086.1,GH5_4,3.1e-106,2.4e-109,352.4,71:348,277
720554,AEV67086.1,GH5_25,5.3e-55,5.5e-58,184.4,51:348,297
720554,AEV67086.1,GH5_2,6.1e-08,3.1e-11,30.2,65:339,274
720554,AEV68200.1,GH44,1.3e-249,3.3e-253,826.9,29:543,514
1679721,CUH91691.1,GH5_5,1.9e-17,4.1e-20,60.4,360:649,289
1679721,CUH93289.1,GH5_5,1.7e-16,3.7e-19,57.3,8:215,207
1679721,CUH91792.1,GH5_5,8.8e-12,1.9e-14,41.8,72:251,179
1679721,CUH91693.1,GH5_5,1.4e-06,3.1e-09,24.7,65:228,163
1679721,CUH91791.1,GH5_5,5.9e-06,1.2e-08,22.7,200:394,194
1679721,CUH92781.1,GH9,3.4e-176,7.1e-179,583.6,31:462,431
1679721,CUH91631.1,GH9,5e-151,1.1e-153,500.6,30:452,422
1679721,CUH93330.1,GH9,1.2e-150,2.5e-153,499.4,48:470,422
1679721,CUH93427.1,GH9,9.9e-139,2.1e-141,460.1,43:516,473
1679721,CUH93326.1,GH9,2.1e-126,4.4e-129,419.5,302:788,486
1679721,CUH91691.1,GH5_25,1.4e-55,2.9e-58,185.6,361:646,285
1679721,CUH93289.1,GH5_25,4e-40,8.4e-43,134.9,8:245,237
1679721,CUH93289.1,GH5_25,1e-10,2.2e-13,38.4,234:320,86
1679721,CUH91792.1,GH5_25,1.5e-16,3.2e-19,57.5,88:280,192
1679721,CUH91791.1,GH5_25,5e-07,1.1e-09,26.3,201:397,196
1679721,CUH91791.1,GH5_1,9.8e-114,1.7e-116,376.8,190:531,341
1679721,CUH91693.1,GH5_1,8.9e-63,1.5e-65,209.5,54:279,225
1679721,CUH91693.1,GH5_1,8.7e-38,1.5e-40,127.4,279:418,139
1679721,CUH93289.1,GH5_1,5.5e-17,9.2e-20,59.1,5:223,218
1679721,CUH92782.1,GH48,0.0,0.0,1047.9,41:656,615
1679721,CUH93327.1,GH48,0.0,0.0,1025.1,37:652,615
1679721,CUH91792.1,GH5_2,4.4e-104,7.5e-107,344.1,52:291,239
1679721,CUH93289.1,GH5_2,1.1e-15,1.9e-18,54.8,9:224,215
1679721,CUH91691.1,GH5_2,8.9e-13,1.5e-15,45.3,367:572,205
1679721,CUH91691.1,GH5_4,5.8e-104,9.9e-107,344.2,374:645,271
1679721,CUH93289.1,GH5_4,4e-19,6.7e-22,66.0,27:243,216
1679721,CUH91792.1,GH5_4,1.2e-06,2e-09,25.2,67:242,175
227924,GEM90599.1,GH5_25,4.2e-08,1.8e-11,29.8,0:149,149
1073253,MBB5131105.1,GH5_25,1.6e-18,1.1e-21,66.1,61:337,276
1073253,MBB5137133.1,GH5_25,1.4e-17,9.3e-21,63.1,78:335,257
1073253,MBB5135738.1,GH5_25,8.4e-14,5.7e-17,50.6,194:357,163
1073253,MBB5133782.1,GH5_25,4.7e-14,3.2e-17,51.5,50:349,299
1073253,MBB5134243.1,GH5_25,1.1e-06,7.5e-10,27.3,84:246,162
1073253,MBB5138800.1,GH5_1,1.2e-106,7.2e-110,355.6,53:389,336
1073253,MBB5134243.1,GH5_1,4.3e-18,2.5e-21,64.8,31:291,260
1073253,MBB5137133.1,GH5_1,1.2e-13,7.1e-17,50.2,75:334,259
1073253,MBB5133782.1,GH5_1,1.6e-08,9.6e-12,33.3,40:274,234
1073253,MBB5131105.1,GH5_1,2.7e-07,1.6e-10,29.4,55:335,280
1073253,MBB5135738.1,GH5_1,4e-06,2.3e-09,25.5,206:412,206
1073253,MBB5138801.1,GH48,1.6e-291,3.2e-295,967.4,357:978,621
1073253,MBB5134244.1,GH48,1.3e-258,2.5e-262,858.8,357:999,642
1073253,MBB5134243.1,GH5_5,1.7e-11,2e-14,43.0,76:287,211
1073253,MBB5137133.1,GH5_5,1.2e-10,1.4e-13,40.2,70:297,227
1073253,MBB5135738.1,GH5_5,5.5e-11,6.4e-14,41.3,194:365,171
1073253,MBB5131105.1,GH5_5,3.8e-09,4.4e-12,35.3,70:238,168
1073253,MBB5138800.1,GH5_5,4.1e-06,4.8e-09,25.4,63:218,155
1073253,MBB5138802.1,GH9,1.6e-170,4.7e-174,567.0,32:467,435
1073253,MBB5132691.1,GH9,2.7e-120,7.9e-124,401.5,277:739,462
1073253,MBB5138921.1,GH9,5.9e-46,1.7e-49,156.6,127:581,454
1073253,MBB5137133.1,GH5_4,4e-08,2.3e-11,32.1,78:203,125
1073253,MBB5131105.1,GH5_4,9.5e-09,5.5e-12,34.1,74:333,259
1073253,MBB5135258.1,GH6,1.5e-68,4.3e-72,230.7,377:661,284
1073253,MBB5135258.1,GH6,5.2e-17,1.5e-20,61.4,662:728,66
1073253,MBB5135887.1,GH6,2.1e-65,6e-69,220.4,40:305,265
1073253,MBB5140165.1,GH6,3.6e-45,1e-48,153.9,376:671,295
1073253,MBB5135738.1,GH5_2,1.1e-82,6.1e-86,276.2,157:401,244
1073253,MBB5134243.1,GH5_2,9.4e-10,5.5e-13,37.5,41:281,240
1073253,MBB5137133.1,GH5_2,6.7e-07,3.9e-10,28.2,84:252,168
1073253,MBB5131105.1,GH5_2,2.6e-06,1.5e-09,26.2,64:253,189
696763,REF37563.1,GH5_4,3.1e-10,1.6e-13,37.5,90:368,278
696763,REF37563.1,GH5_5,6.3e-09,3.4e-12,33.1,72:373,301
696763,REF37227.1,GH5_5,1.9e-08,1e-11,31.6,47:253,206
696763,REF37706.1,GH9,4.4e-116,1.2e-119,386.2,152:621,469
696763,REF37227.1,GH5_25,3.7e-28,2e-31,96.3,50:347,297
696763,REF37563.1,GH5_25,4.2e-14,2.2e-17,50.2,74:369,295
696763,REF37563.1,GH5_1,5.3e-122,4.2e-125,404.6,62:375,313
696763,REF37227.1,GH5_1,7.6e-12,6.1e-15,42.8,44:269,225
591197,AFH50299.1,GH9,7e-108,4.4e-111,358.9,110:558,448
591197,AFH49737.1,GH9,1.2e-75,7.4e-79,252.7,117:541,424
591197,AFH50296.1,GH5_2,4.5e-10,2.8e-13,36.9,182:332,150
591197,AFH50281.1,GH5_2,2.6e-07,1.6e-10,27.8,80:334,254
591197,AFH50296.1,GH5_4,8.7e-13,5.4e-16,45.7,90:300,210
591197,AFH50281.1,GH5_4,2e-08,1.3e-11,31.4,95:339,244
591197,AFH50296.1,GH5_5,7.3e-07,2.3e-10,26.1,185:334,149
591197,AFH50296.1,GH5_25,9.3e-18,5.8e-21,61.9,86:292,206
591197,AFH50281.1,GH5_25,2e-17,1.3e-20,60.8,86:293,207
591197,AFH50296.1,GH5_1,4.5e-18,2.8e-21,63.1,79:343,264
591197,AFH50281.1,GH5_1,6.6e-14,4.1e-17,49.4,83:342,259
81408,QXJ40415.1,GH9,1.5e-06,3.7e-10,25.4,395:543,148
869886,QLH81627.1,GH5_2,8.7e-09,1.4e-11,33.3,172:261,89
869886,QLH81627.1,GH5_2,4.9e-17,7.7e-20,60.3,265:388,123
869886,QLH84945.1,GH5_2,2.1e-23,3.3e-26,81.2,82:303,221
869886,QLH81623.1,GH5_2,3.5e-22,5.5e-25,77.2,73:337,264
869886,QLH81664.1,GH5_2,3.7e-20,5.8e-23,70.5,66:338,272
869886,QLH81620.1,GH5_2,2.3e-09,3.6e-12,35.2,299:421,122
869886,QLH81625.1,GH5_2,8e-06,1.3e-08,23.6,93:301,208
869886,QLH81622.1,GH12,9.7e-08,1.9e-11,30.3,150:301,151
869886,QLH84787.1,GH5_25,9.4e-26,1.3e-28,88.8,11:293,282
869886,QLH81623.1,GH5_25,8.6e-09,1.2e-11,33.2,109:316,207
869886,QLH81625.1,GH5_25,1.1e-07,1.6e-10,29.5,75:268,193
869886,QLH81627.1,GH5_25,6.1e-07,8.5e-10,27.1,171:358,187
869886,QLH84945.1,GH5_25,6.1e-06,8.4e-09,23.8,79:273,194
869886,QLH84787.1,GH5_4,5.9e-08,7e-11,30.5,23:173,150
869886,QLH84945.1,GH5_4,1.6e-09,1.9e-12,35.6,81:251,170
869886,QLH81623.1,GH5_4,5.7e-08,6.9e-11,30.5,109:283,174
869886,QLH81627.1,GH5_4,8.6e-08,1e-10,29.9,175:333,158
869886,QLH81664.1,GH5_4,3.8e-06,4.5e-09,24.5,91:240,149
869886,QLH83678.1,GH9,2.7e-89,5.4e-93,298.3,118:572,454
869886,QLH84787.1,GH5_5,1.7e-09,2.4e-12,35.4,15:193,178
869886,QLH81627.1,GH5_5,3.5e-08,4.8e-11,31.1,170:333,163
869886,QLH84945.1,GH5_5,2.9e-08,4e-11,31.4,78:314,236
869886,QLH81623.1,GH5_5,1.3e-06,1.8e-09,26.0,104:288,184
869886,QLH84787.1,GH5_1,5.6e-11,6.7e-14,40.4,7:180,173
869886,QLH81625.1,GH5_1,1.4e-06,1.7e-09,26.0,117:317,200
869886,QLH84945.1,GH5_1,3.1e-06,3.7e-09,24.9,7:309,302
367189,SHK79668.1,GH5_2,6.6e-06,1.5e-09,23.7,103:249,146
332249,ADI14563.1,GH5_1,4.6e-78,3.1e-81,260.0,10:313,303
697281,AEE95680.1,GH5_5,3.8e-19,9.2e-22,66.3,32:229,197
697281,AEE96310.1,GH5_5,2.2e-14,5.4e-17,50.6,103:253,150
697281,AEE96309.1,GH5_5,1.3e-12,3.3e-15,44.8,71:284,213
697281,AEE96313.1,GH5_5,2.6e-10,6.3e-13,37.3,113:356,243
697281,AEE96268.1,GH5_5,4.2e-09,1e-11,33.4,63:290,227
697281,AEE96311.1,GH5_5,2.7e-10,6.5e-13,37.3,44:191,147
697281,AEE97278.1,GH5_5,2.4e-07,5.8e-10,27.6,12:182,170
697281,AEE96313.1,GH5_1,2e-108,4.1e-111,359.7,35:362,327
697281,AEE96309.1,GH5_1,1.4e-35,3e-38,120.4,36:290,254
697281,AEE96268.1,GH5_1,1.7e-15,3.5e-18,54.5,52:361,309
697281,AEE96311.1,GH5_1,1e-08,2.2e-11,32.2,53:196,143
697281,AEE95680.1,GH5_1,2.3e-11,4.8e-14,40.9,32:313,281
697281,AEE97278.1,GH5_1,7.3e-09,1.5e-11,32.7,8:183,175
697281,AEE96310.1,GH5_2,2.6e-99,4.5e-102,328.8,53:287,234
697281,AEE95680.1,GH5_2,1.4e-17,2.5e-20,61.3,49:228,179
697281,AEE96311.1,GH5_2,1.2e-07,2.1e-10,28.8,60:330,270
697281,AEE96307.1,GH9,2.1e-166,1.5e-169,551.6,37:469,432
697281,AEE96314.1,GH9,2.8e-135,1.9e-138,449.0,38:470,432
697281,AEE95680.1,GH5_25,1e-126,2.9e-129,419.2,33:310,277
697281,AEE96311.1,GH5_25,3e-39,8.5e-42,132.3,47:344,297
697281,AEE97278.1,GH5_25,3.1e-25,8.7e-28,86.3,19:299,280
697281,AEE96268.1,GH5_25,4.4e-22,1.2e-24,76.0,52:360,308
697281,AEE96310.1,GH5_25,1.2e-14,3.2e-17,51.6,102:303,201
697281,AEE96313.1,GH5_25,5.2e-10,1.4e-12,36.4,47:358,311
697281,AEE96309.1,GH5_25,5.5e-11,1.5e-13,39.6,76:246,170
697281,AEE96308.1,GH48,6.9e-279,2.4e-282,923.9,42:665,623
697281,AEE96311.1,GH5_4,3.9e-90,8.2e-93,299.1,60:343,283
697281,AEE95680.1,GH5_4,4.9e-47,1e-49,157.8,45:308,263
697281,AEE96268.1,GH5_4,4.7e-11,9.8e-14,39.8,67:358,291
697281,AEE97278.1,GH5_4,1.3e-07,2.8e-10,28.5,22:164,142
697281,AEE96313.1,GH5_4,1.6e-06,3.3e-09,25.0,123:357,234
697281,AEE96310.1,GH5_4,3.2e-08,6.6e-11,30.6,69:243,174
521460,ACM59384.1,GH5_4,2.1e-16,4e-19,57.3,24:294,270
521460,ACM59720.1,GH5_4,7.5e-11,1.4e-13,39.1,86:324,238
521460,ACM59720.1,GH5_2,1e-94,1.5e-97,313.6,70:319,249
521460,ACM59384.1,GH5_1,3.4e-15,6.4e-18,53.3,5:298,293
521460,ACM59720.1,GH5_5,2.7e-07,6e-10,27.3,92:324,232
521460,ACM59384.1,GH5_5,7.6e-06,1.7e-08,22.5,18:206,188
521460,ACM59384.1,GH5_25,5.4e-26,1.2e-28,88.7,16:295,279
521460,ACM59720.1,GH5_25,5.9e-12,1.3e-14,42.7,85:323,238
1383067,PHJ39622.1,GH9,1.6e-07,4.7e-11,28.3,394:598,204
717605,AGA56765.1,GH9,5.9e-100,1.1e-102,333.1,162:615,453
56956,BDG17649.1,GH5_25,2.8e-15,1.1e-18,53.5,52:333,281
56956,BDG17649.1,GH5_2,1.7e-06,6.8e-10,24.8,136:248,112
56956,BDG17649.1,GH5_4,1.4e-07,5.6e-11,28.3,67:330,263
56956,BDG17649.1,GH5_5,2e-12,1.6e-15,44.0,53:249,196
56956,BDG17649.1,GH5_1,1.2e-14,4.9e-18,51.4,94:303,209
429572,ACP34754.1,GH12,1.6e-18,1.2e-21,64.3,159:326,167
429572,ACP34505.1,GH12,6.6e-16,4.8e-19,55.9,143:317,174
1670455,GGT94270.1,GH12,2.4e-08,2.1e-11,31.1,147:316,169
1670455,GGT92508.1,GH12,3.9e-06,3.5e-09,24.0,332:426,94
1670455,GGT89437.1,GH5_2,3.2e-07,2.8e-10,27.1,328:482,154
1033806,CCQ34232.1,GH12,1.5e-09,4.9e-13,35.5,142:295,153
1033806,CCQ34230.1,GH5_5,4.3e-09,8.6e-12,33.4,140:375,235
1033806,CCQ33656.1,GH5_5,1.6e-09,3.3e-12,34.7,86:243,157
1033806,CCQ32630.1,GH5_5,1.6e-08,3.1e-11,31.5,168:314,146
1033806,CCQ34237.1,GH5_5,8.3e-06,1.6e-08,22.6,112:288,176
1033806,CCQ34230.1,GH5_1,6.5e-09,1.1e-11,32.9,68:370,302
1033806,CCQ33656.1,GH5_1,8e-08,1.3e-10,29.3,45:314,269
1033806,CCQ33656.1,GH5_2,7.2e-28,1.4e-30,95.0,75:291,216
1033806,CCQ34231.1,GH5_2,3e-15,6e-18,53.7,296:421,125
1033806,CCQ34230.1,GH5_2,6.3e-24,1.3e-26,82.1,144:364,220
1033806,CCQ34235.1,GH5_2,7.9e-10,1.6e-12,36.0,153:241,88
1033806,CCQ34235.1,GH5_2,7.7e-12,1.5e-14,42.6,254:374,120
1033806,CCQ32630.1,GH5_2,1.9e-21,3.7e-24,74.1,171:325,154
1033806,CCQ34237.1,GH5_2,7.6e-18,1.5e-20,62.2,75:337,262
1033806,CCQ33656.1,GH5_25,7.1e-14,1.4e-16,49.1,80:289,209
1033806,CCQ32630.1,GH5_25,8.4e-09,1.7e-11,32.5,146:330,184
1033806,CCQ34237.1,GH5_25,3.8e-08,7.5e-11,30.3,145:305,160
1033806,CCQ34230.1,GH5_25,1.2e-06,2.4e-09,25.4,140:331,191
1033806,CCQ34230.1,GH5_4,2.2e-09,3e-12,34.4,142:313,171
1033806,CCQ34237.1,GH5_4,4.9e-07,6.4e-10,26.7,110:286,176
1033806,CCQ34238.1,GH9,8.1e-129,2.7e-132,427.8,61:541,480
1179467,TCS96873.1,GH9,1.9e-07,6.6e-11,27.9,370:538,168
424188,ULR48137.1,GH5_25,2.9e-33,2e-36,114.2,2:297,295
424188,ULR48153.1,GH5_25,9e-17,6.3e-20,60.1,90:257,167
424188,ULR48157.1,GH5_25,4.1e-09,2.8e-12,35.0,89:219,130
424188,ULR55875.1,GH5_25,1.7e-08,1.2e-11,32.9,57:242,185
424188,ULR55853.1,GH5_25,1.3e-07,9.1e-11,30.1,61:254,193
424188,ULR55853.1,GH5_5,2.8e-12,2.2e-15,45.3,35:235,200
424188,ULR48153.1,GH5_5,3.7e-11,3e-14,41.6,83:294,211
424188,ULR55875.1,GH5_5,4.6e-10,3.8e-13,38.0,37:282,245
424188,ULR51437.1,GH5_5,1e-09,8.1e-13,36.9,66:374,308
424188,ULR48157.1,GH5_5,1.1e-08,9e-12,33.5,65:225,160
424188,ULR48137.1,GH5_5,1.4e-07,1.1e-10,30.0,4:215,211
424188,ULR55429.1,GH12,9.7e-44,3.4e-47,147.7,112:257,145
424188,ULR53688.1,GH12,6.1e-36,2.1e-39,122.4,121:268,147
424188,ULR53679.1,GH12,1.2e-25,4.4e-29,89.0,102:241,139
424188,ULR51437.1,GH5_1,1.2e-117,8.5e-121,391.5,59:378,319
424188,ULR55853.1,GH5_1,7.2e-21,5e-24,73.7,38:287,249
424188,ULR55875.1,GH5_1,1.1e-19,7.6e-23,69.8,37:285,248
424188,ULR48137.1,GH5_1,4.5e-09,3.2e-12,34.9,23:296,273
424188,ULR55187.1,GH9,4.1e-122,4.8e-126,407.2,273:741,468
424188,ULR48153.1,GH5_2,3.3e-84,1.9e-87,280.9,57:301,244
424188,ULR48157.1,GH5_2,5.3e-08,3.1e-11,31.5,67:288,221
424188,ULR55875.1,GH5_2,9e-08,5.2e-11,30.8,37:278,241
424188,ULR54592.1,GH48,1.7e-285,2e-289,947.3,341:969,628
424188,ULR54593.1,GH6,1e-62,3.7e-66,211.2,164:453,289
424188,ULR54593.1,GH6,3.1e-17,1.1e-20,61.9,446:519,73
424188,ULR50909.1,GH6,2.2e-58,7.8e-62,197.0,60:325,265
424188,ULR55883.1,GH6,2.4e-52,8.3e-56,177.2,111:378,267
424188,ULR48137.1,GH5_4,1.7e-77,1.2e-80,259.2,15:296,281
309803,ACM23282.1,GH12,9.1e-27,9.4e-30,90.6,120:288,168
309803,ACM23283.1,GH12,8.9e-26,9.2e-29,87.4,103:272,169
229919,GAP06885.1,GH5_25,1.2e-125,1.3e-128,416.1,82:361,279
229919,GAP08306.1,GH5_25,1.7e-34,1.9e-37,117.0,8:227,219
229919,GAP08306.1,GH5_25,5.6e-08,6.1e-11,30.1,237:323,86
229919,GAP06900.1,GH5_25,9.9e-25,1.1e-27,85.0,9:297,288
229919,GAP06885.1,GH5_2,2e-16,1.6e-19,57.9,100:314,214
229919,GAP08306.1,GH5_2,9.8e-10,7.9e-13,36.0,11:227,216
229919,GAP06885.1,GH5_4,1.2e-46,1.2e-49,157.0,94:359,265
229919,GAP08306.1,GH5_4,9.4e-15,1e-17,52.3,28:228,200
229919,GAP06900.1,GH5_4,2.1e-12,2.3e-15,44.6,21:296,275
229919,GAP06885.1,GH5_5,9.7e-23,1.8e-25,78.4,82:365,283
229919,GAP08306.1,GH5_5,1.4e-14,2.7e-17,51.6,2:212,210
229919,GAP06900.1,GH5_5,9.6e-08,1.8e-10,29.2,18:185,167
229919,GAP08045.1,GH9,1.7e-23,4.5e-27,81.1,333:753,420
229919,GAP08306.1,GH5_1,6.4e-14,8.6e-17,49.7,7:226,219
229919,GAP06885.1,GH5_1,4.7e-13,6.3e-16,46.8,83:364,281
229919,GAP06900.1,GH5_1,1.1e-12,1.4e-15,45.6,5:187,182
419942,ACP49447.1,GH12,1.7e-18,1.2e-21,64.3,159:326,167
419942,ACP49627.1,GH12,4.8e-16,3.3e-19,56.4,143:317,174
1304284,EOC99482.1,GH9,1.4e-08,5.2e-12,31.5,385:598,213
911092,AAM23368.1,GH5_1,4.1e-06,1.6e-09,23.5,11:213,202
2020,ACY97312.1,GH6,2.1e-55,4.3e-59,186.5,67:388,321
1565,AEF93392.1,GH9,1.7e-06,1.3e-09,24.6,400:602,202
2049879,BFH74238.1,GH12,3.6e-07,1.3e-10,27.6,162:230,68
33043,UWP16699.1,GH5_4,4.6e-13,7.1e-16,46.3,26:225,199
33043,UWP17131.1,GH5_4,8e-07,1.2e-09,25.8,71:311,240
33043,UWP16699.1,GH5_25,7.7e-32,1.5e-34,107.9,8:231,223
33043,UWP18189.1,GH5_25,7.7e-16,1.5e-18,55.4,290:461,171
33043,UWP17131.1,GH5_25,2.8e-16,5.4e-19,56.8,68:269,201
33043,UWP17182.1,GH5_25,8e-16,1.5e-18,55.3,78:295,217
33043,UWP18189.1,GH5_2,2.6e-90,4.9e-93,299.2,268:513,245
33043,UWP17131.1,GH5_2,8.9e-78,1.7e-80,258.2,55:306,251
33043,UWP17182.1,GH5_2,2.7e-24,5.1e-27,83.2,64:314,250
33043,UWP16928.1,GH9,3.1e-109,2.4e-112,363.1,324:756,432
33043,UWP18152.1,GH9,3.7e-102,2.8e-105,339.8,348:766,418
33043,UWP16699.1,GH5_1,9.3e-11,1.1e-13,38.8,8:236,228
33043,UWP18189.1,GH5_1,6.1e-07,7e-10,26.2,265:523,258
33043,UWP17131.1,GH5_5,5.4e-18,1e-20,62.4,56:279,223
33043,UWP17182.1,GH5_5,7.3e-16,1.4e-18,55.4,83:258,175
33043,UWP18189.1,GH5_5,6.1e-11,1.2e-13,39.2,266:472,206
1293036,AWR98635.1,GH12,1.6e-08,6.8e-12,31.7,192:364,172
525904,ACZ43095.1,GH5_2,6.1e-08,2.2e-11,29.7,25:211,186
525904,ACZ43095.1,GH5_4,1.4e-08,4.8e-12,31.8,25:215,190
525904,ACZ43095.1,GH5_5,5.4e-11,1.9e-14,39.5,6:200,194
525904,ACZ43095.1,GH5_25,3.6e-27,2.6e-30,92.6,6:221,215
525904,ACZ43095.1,GH5_25,3.2e-07,2.2e-10,27.2,247:316,69
525904,ACZ43095.1,GH5_1,1.8e-07,1.3e-10,28.1,15:181,166
368408,ABL79076.1,GH12,7.3e-17,3.9e-20,58.5,139:299,160
1034015,AIC16068.1,GH5_25,8.6e-06,2.8e-09,22.7,25:111,86
1494606,MBM7624901.1,GH9,9e-07,3.4e-10,25.5,378:597,219
1096341,TDT51927.1,GH5_5,6.8e-06,6.9e-09,22.9,45:152,107
5541,KAL1995946.1,GH5_25,3.8e-17,1.4e-20,61.3,68:335,267
5541,KAL1992413.1,GH5_25,6.6e-07,2.4e-10,27.7,71:167,96
5541,KAL1995946.1,GH5_1,3.2e-13,2.7e-16,48.5,73:304,231
5541,KAL1992413.1,GH5_1,1.3e-10,1.1e-13,39.9,67:338,271
5541,KAL1995946.1,GH5_5,3.4e-12,1.2e-15,45.0,67:309,242
5541,KAL1990883.1,GH12,1e-19,2.5e-23,69.8,154:328,174
5541,KAL1994416.1,GH9,2e-07,2.5e-11,29.3,458:597,139
5541,KAL1995946.1,GH5_4,5.8e-08,2.8e-11,31.2,77:333,256
5541,KAL1995946.1,GH5_2,8.3e-09,1e-12,34.1,83:319,236
490899,ACL10732.1,GH5_1,8.4e-07,5.7e-10,24.9,63:272,209
178899,AVX21090.1,GH9,6.5e-08,2.4e-11,29.3,382:522,140
1490290,MBH8591973.1,GH5_4,1.1e-11,5.5e-15,42.4,99:340,241
1490290,MBH8591973.1,GH5_25,8.2e-16,2.1e-19,55.8,89:357,268
1490290,MBH8591973.1,GH5_1,1e-12,2.7e-16,45.7,82:363,281
351607,ABK52390.1,GH48,3.8e-270,1.7e-273,894.6,233:864,631
351607,ABK51910.1,GH6,5e-40,4.7e-43,134.8,57:274,217
351607,ABK51910.1,GH6,3.1e-18,2.9e-21,63.2,350:406,56
351607,ABK52387.1,GH5_1,5.3e-124,2.5e-127,410.4,53:371,318
351607,ABK53473.1,GH9,4.4e-159,4.1e-162,527.1,45:490,445
351607,ABK52743.1,GH9,2.2e-116,2e-119,386.4,19:520,501
633813,SHK56826.1,GH9,1.1e-29,8.1e-33,101.0,116:591,475
547461,GAA4152253.1,GH5_2,3e-71,1.4e-74,238.1,94:337,243
547461,GAA4148641.1,GH5_2,6.7e-09,3.2e-12,34.0,45:277,232
547461,GAA4135160.1,GH48,1.1e-274,1.7e-278,911.2,341:975,634
547461,GAA4135145.1,GH6,2e-64,9.4e-68,216.5,166:447,281
547461,GAA4135145.1,GH6,4.6e-16,2.2e-19,57.7,451:514,63
547461,GAA4141977.1,GH6,6.8e-56,3.2e-59,188.4,69:388,319
547461,GAA4153374.1,GH6,2.9e-55,1.4e-58,186.4,61:320,259
547461,GAA4152253.1,GH5_25,2.7e-11,1.3e-14,41.7,126:284,158
547461,GAA4148641.1,GH5_5,1.1e-09,8.8e-13,36.3,92:239,147
547461,GAA4152253.1,GH5_5,5.2e-07,4.1e-10,27.6,130:285,155
547461,GAA4133577.1,GH12,1.5e-36,2.3e-40,124.0,100:247,147
547461,GAA4151262.1,GH5_1,2.3e-110,1.1e-113,367.1,47:380,333
547461,GAA4148641.1,GH5_1,1.4e-18,6.5e-22,65.7,45:295,250
253108,OVE83623.1,GH5_2,5.8e-20,7.9e-23,69.4,205:384,179
253108,OVE83593.1,GH5_2,7.5e-15,1e-17,52.7,186:355,169
253108,OVE83627.1,GH5_2,3.7e-09,5.1e-12,34.1,293:406,113
253108,OVE83624.1,GH5_2,1.7e-06,2.4e-09,25.3,356:439,83
253108,OVE86289.1,GH12,4.9e-08,2.6e-11,30.8,146:295,149
253108,OVE86287.1,GH9,5.5e-77,1.5e-80,257.3,139:635,496
1510,AGC68873.1,GH9,1.8e-177,2e-180,588.0,30:461,431
1510,AGC68874.1,GH48,0.0,0.0,1057.6,39:654,615
2262,XTU89123.1,GH12,4.1e-26,2.1e-29,88.5,147:307,160
518766,ACY46934.1,GH5_4,3.1e-08,1.1e-11,30.6,83:219,136
518766,ACY46934.1,GH5_25,1.4e-13,9.5e-17,48.1,70:254,184
518766,ACY46934.1,GH5_2,3.9e-29,1.4e-32,99.1,58:321,263
518766,ACY48513.1,GH12,1.5e-39,5.3e-43,132.6,113:260,147
518766,ACY46934.1,GH5_1,7.3e-15,7.7e-18,52.4,55:329,274
518766,ACY47427.1,GH9,4.1e-31,4.2e-34,105.8,117:591,474
518766,ACY46985.1,GH9,1.1e-09,1.2e-12,35.2,549:780,231
518766,ACY46934.1,GH5_5,7.6e-07,5.3e-10,25.9,87:242,155
186116,SFA40581.1,GH5_4,1.1e-09,3.1e-13,35.6,68:354,286
186116,SFA40581.1,GH5_2,2.1e-07,1.2e-10,28.3,48:268,220
186116,SFA40581.1,GH5_1,4.3e-15,1.2e-18,53.4,61:357,296
186116,SFA40581.1,GH5_25,4.5e-23,1.3e-26,79.5,55:359,304
186116,SFA40581.1,GH5_5,3.2e-09,2.7e-12,34.0,63:309,246
186116,SFA47371.1,GH9,4.1e-07,1.1e-10,27.1,370:541,171
583356,ADM27073.1,GH5_1,6.8e-112,1.1e-114,370.5,15:341,326
583356,ADM27405.1,GH5_1,2.7e-81,4.1e-84,270.0,26:362,336
583356,ADM27073.1,GH5_5,1.1e-06,1.1e-09,24.8,24:209,185
583356,ADM27073.1,GH5_25,1e-06,2.6e-09,25.0,26:207,181
583356,ADM27405.1,GH5_25,3.8e-06,9.9e-09,23.1,43:191,148
583356,ADM27073.1,GH5_4,2.6e-07,2.7e-10,27.0,41:192,151
583356,ADM27471.1,GH12,6.8e-18,1.4e-20,61.8,169:318,149
583356,ADM27292.1,GH12,1.2e-17,2.6e-20,61.0,208:377,169
583356,ADM27702.1,GH12,8.8e-14,1.8e-16,48.5,192:350,158
583356,ADM28608.1,GH12,5e-10,1e-12,36.3,114:188,74
583356,ADM27073.1,GH5_2,6.5e-07,3.3e-10,25.8,79:221,142
2493090,TNY36470.1,GH6,1e-53,2.2e-57,180.8,51:374,323
2493090,TNY38019.1,GH5_1,9.9e-13,2.2e-16,46.0,75:335,260
2493090,TNY38019.1,GH5_5,1.2e-10,1.1e-13,39.1,69:253,184
2493090,TNY38019.1,GH5_4,2.3e-08,5.1e-12,31.7,75:333,258
2493090,TNY38019.1,GH5_2,1.2e-08,5.4e-12,32.7,87:253,166
2493090,TNY38019.1,GH5_25,6.1e-21,1.3e-24,72.9,71:336,265
930945,ADX84872.1,GH12,4.6e-18,3.5e-21,62.8,159:329,170
930945,ADX84426.1,GH12,7.6e-16,5.7e-19,55.6,143:317,174
1833852,AQS60117.1,GH9,7.5e-07,2.5e-10,26.0,397:531,134
85995,KAL2125380.1,GH5_1,6.8e-50,3.7e-53,169.3,67:380,313
85995,KAL2115191.1,GH5_1,4.2e-13,2.3e-16,48.5,119:379,260
85995,KAL2123865.1,GH5_1,1.1e-11,5.9e-15,43.9,105:375,270
85995,KAL2124897.1,GH5_1,2.2e-11,1.2e-14,42.9,80:362,282
85995,KAL2125734.1,GH12,2.9e-40,5.4e-44,136.8,103:253,150
85995,KAL2123475.1,GH12,7.5e-11,1.4e-14,41.4,131:271,140
85995,KAL2124897.1,GH5_25,9.9e-10,3.6e-13,37.4,104:329,225
85995,KAL2124897.1,GH5_5,1.5e-114,5.6e-118,381.0,87:365,278
85995,KAL2120298.1,GH7,1.1e-209,5e-213,695.7,19:453,434
85995,KAL2116235.1,GH7,2.7e-187,1.2e-190,621.9,23:450,427
85995,KAL2115339.1,GH7,4.3e-152,1.9e-155,505.9,20:419,399
85995,KAL2119084.1,GH7,2.9e-124,1.3e-127,414.2,338:782,444
85995,KAL2115923.1,GH7,5.8e-95,2.7e-98,317.7,19:329,310
85995,KAL2115923.1,GH7,6.2e-18,2.8e-21,63.9,317:406,89
85995,KAL2124897.1,GH5_4,2.5e-11,9.3e-15,42.6,102:293,191
85995,KAL2120063.1,GH6,4.5e-126,1.6e-129,419.7,131:442,311
85995,KAL2115474.1,GH6,6.5e-116,2.4e-119,386.3,54:357,303
85995,KAL2118733.1,GH6,2e-103,7.5e-107,345.3,51:359,308
85995,KAL2120210.1,GH6,4.6e-95,1.7e-98,317.8,46:352,306
85995,KAL2122790.1,GH45,3.5e-89,6.3e-93,297.7,22:222,200
85995,KAL2115394.1,GH45,4.5e-89,8.2e-93,297.3,23:221,198
85995,KAL2124897.1,GH5_2,2.2e-09,4.1e-13,36.3,103:311,208
1324935,NGO39974.1,GH5_5,5.2e-13,1.1e-15,46.1,45:310,265
1324935,NGO38663.1,GH5_5,2.9e-11,6.1e-14,40.4,55:240,185
1324935,NGO38408.1,GH5_5,9.4e-10,2e-12,35.4,59:221,162
1324935,NGO39527.1,GH5_1,1.1e-16,2.4e-19,58.3,237:443,206
1324935,NGO38408.1,GH5_1,4.2e-11,8.9e-14,40.0,41:215,174
1324935,NGO38857.1,GH5_1,8.9e-12,1.9e-14,42.2,69:352,283
1324935,NGO38663.1,GH5_1,1.3e-06,2.8e-09,25.2,48:255,207
1324935,NGO38663.1,GH5_2,2.5e-10,7.2e-13,37.5,85:248,163
1324935,NGO39974.1,GH5_2,7.8e-09,2.2e-11,32.6,59:233,174
1324935,NGO39974.1,GH5_25,1.3e-96,3.3e-99,320.4,33:308,275
1324935,NGO38663.1,GH5_25,3.5e-28,8.7e-31,96.0,59:258,199
1324935,NGO38663.1,GH5_25,2.7e-09,6.6e-12,34.0,274:356,82
1324935,NGO38408.1,GH5_25,5e-28,1.2e-30,95.5,43:328,285
1324935,NGO39527.1,GH5_25,1.5e-27,3.8e-30,93.9,266:507,241
1324935,NGO38857.1,GH5_25,1.3e-11,3.2e-14,41.6,83:302,219
1324935,NGO39974.1,GH5_4,3e-26,6.5e-29,89.6,45:306,261
1324935,NGO38663.1,GH5_4,1.3e-09,2.8e-12,35.1,66:256,190
1324935,NGO38408.1,GH5_4,5.2e-10,1.1e-12,36.4,55:209,154
1324935,NGO38857.1,GH5_4,1e-09,2.2e-12,35.4,88:304,216
1324935,NGO39527.1,GH5_4,4.1e-06,8.8e-09,23.6,267:498,231
590168,ADA67370.1,GH12,2e-27,3.3e-30,92.6,139:307,168
590168,ADA67369.1,GH12,1.9e-26,3.3e-29,89.4,103:272,169
1198301,QPV64819.1,GH5_2,3.2e-30,4.8e-33,103.1,50:303,253
1198301,QPV64249.1,GH5_2,1.5e-23,2.2e-26,81.3,163:380,217
1198301,QPV64253.1,GH5_2,8.7e-24,1.3e-26,82.1,73:337,264
1198301,QPV64257.1,GH5_2,1.5e-09,2.3e-12,35.5,299:421,122
1198301,QPV64251.1,GH5_2,6.1e-06,9.1e-09,23.7,94:302,208
1198301,QPV61938.1,GH5_4,5.9e-09,8.8e-12,33.4,23:177,154
1198301,QPV64253.1,GH5_4,1.9e-08,2.8e-11,31.8,109:288,179
1198301,QPV64249.1,GH5_4,4.8e-08,7.1e-11,30.5,165:326,161
1198301,QPV64819.1,GH5_4,4.6e-06,6.8e-09,24.0,91:256,165
1198301,QPV61503.1,GH9,7.3e-93,3.6e-96,309.8,176:632,456
1198301,QPV62787.1,GH9,2.8e-91,1.4e-94,304.5,118:581,463
1198301,QPV64249.1,GH5_5,3.9e-08,5.8e-11,30.7,163:325,162
1198301,QPV64819.1,GH5_5,1.3e-10,2e-13,38.7,55:245,190
1198301,QPV61938.1,GH5_5,4.4e-09,6.6e-12,33.7,13:186,173
1198301,QPV64253.1,GH5_5,5.2e-06,7.7e-09,23.7,112:281,169
1198301,QPV64254.1,GH12,1.7e-10,4.1e-14,38.9,134:286,152
1198301,QPV61938.1,GH5_25,6.5e-25,9.7e-28,85.7,11:293,282
1198301,QPV64819.1,GH5_25,2.9e-14,4.4e-17,50.8,92:292,200
1198301,QPV64251.1,GH5_25,5.2e-08,7.7e-11,30.3,60:268,208
1198301,QPV64253.1,GH5_25,3.1e-08,4.6e-11,31.0,109:308,199
1198301,QPV64249.1,GH5_25,3.5e-06,5.3e-09,24.3,163:351,188
1198301,QPV61938.1,GH5_1,3.2e-11,4.8e-14,40.9,6:180,174
1198301,QPV64819.1,GH5_1,7.7e-11,1.2e-13,39.6,45:297,252
1198301,QPV64251.1,GH5_1,2.4e-07,3.6e-10,28.2,115:318,203
1236180,SDR01458.1,GH12,8.2e-12,2.1e-15,43.1,126:277,151
41673,AWR93883.1,GH12,1.7e-08,5.8e-12,32.0,134:206,72
1679091,RQG86682.1,GH9,1.5e-33,4.6e-37,114.1,111:591,480
288966,SHI89581.1,GH9,5.9e-06,1.7e-09,23.2,388:593,205
1532350,QKR00833.1,GH12,5.6e-10,2.6e-13,36.3,165:335,170
58112,PRX02959.1,GH5_2,6.2e-73,3.2e-76,243.5,58:301,243
58112,PRX00792.1,GH5_2,2.7e-07,1.4e-10,28.6,44:276,232
58112,PRX06242.1,GH6,6.6e-65,3.4e-68,217.9,170:452,282
58112,PRX06242.1,GH6,4.8e-17,2.4e-20,60.8,456:519,63
58112,PRX06196.1,GH6,8.5e-58,4.4e-61,194.6,78:398,320
58112,PRX01979.1,GH6,3.1e-57,1.6e-60,192.7,60:319,259
58112,PRX00792.1,GH5_5,2e-09,1.7e-12,35.4,90:241,151
58112,PRX02959.1,GH5_5,2.8e-06,2.4e-09,25.1,92:250,158
58112,PRX00792.1,GH5_1,4.7e-18,2.4e-21,63.9,41:294,253
58112,PRX02959.1,GH5_25,5.8e-10,3e-13,37.2,84:248,164
58112,PRX00792.1,GH5_25,8.1e-06,4.2e-09,23.6,56:250,194
58112,PRX06239.1,GH48,2.1e-277,3.5e-281,920.1,341:975,634
1571184,MDR6224959.1,GH5_25,2e-16,5.5e-20,57.8,171:351,180
1571184,MDR6224959.1,GH5_1,4.7e-07,1.3e-10,27.1,130:395,265
1571184,MDR6224959.1,GH5_5,2.2e-11,6.2e-15,41.1,180:395,215
1571184,MDR6224959.1,GH5_2,5e-83,1.4e-86,275.8,133:379,246
35825,KNY25731.1,GH5_1,6.6e-113,1.1e-115,375.4,54:398,344
35825,KNY28917.1,GH5_1,3.1e-110,5.2e-113,366.6,233:574,341
35825,KNY28669.1,GH5_1,6.4e-56,1.1e-58,188.2,47:285,238
35825,KNY28669.1,GH5_1,3.4e-46,5.7e-49,156.3,293:421,128
35825,KNY25129.1,GH5_1,5.7e-101,9.8e-104,336.2,30:364,334
35825,KNY26233.1,GH5_1,7.1e-60,1.2e-62,201.2,45:268,223
35825,KNY26233.1,GH5_1,2.4e-38,4e-41,130.5,270:409,139
35825,KNY27224.1,GH5_1,5.1e-12,8.7e-15,44.1,39:290,251
35825,KNY27224.1,GH5_1,2.3e-14,3.9e-17,51.8,526:778,252
35825,KNY25463.1,GH5_1,3.3e-18,5.6e-21,64.4,55:339,284
35825,KNY29224.1,GH5_1,6.8e-16,1.2e-18,56.8,1:239,238
35825,KNY27223.1,GH5_1,1e-12,1.7e-15,46.4,39:290,251
35825,KNY30231.1,GH5_1,2.6e-07,4.4e-10,28.6,54:303,249
35825,KNY25635.1,GH48,3.1e-253,1.6e-256,840.2,41:668,627
35825,KNY27482.1,GH48,1.1e-251,5.5e-255,835.1,42:671,629
35825,KNY26506.1,GH48,1.6e-146,8.3e-150,487.8,0:573,573
35825,KNY28737.1,GH9,5.6e-176,3.9e-178,584.2,101:532,431
35825,KNY26068.1,GH9,5.9e-173,4.1e-175,574.2,36:467,431
35825,KNY26223.1,GH9,1.1e-171,7.3e-174,570.1,39:472,433
35825,KNY25732.1,GH9,9.7e-168,6.8e-170,557.0,35:469,434
35825,KNY28539.1,GH9,3.5e-163,2.5e-165,542.0,24:456,432
35825,KNY25265.1,GH9,2e-150,1.4e-152,500.0,34:456,422
35825,KNY29912.1,GH9,4.2e-148,2.9e-150,492.3,49:471,422
35825,KNY25560.1,GH9,1.5e-147,1e-149,490.5,30:452,422
35825,KNY25262.1,GH9,1.3e-145,9.4e-148,484.1,29:451,422
35825,KNY27552.1,GH9,3.6e-144,2.5e-146,479.3,29:450,421
35825,KNY26737.1,GH9,5.1e-141,3.5e-143,469.0,36:458,422
35825,KNY26685.1,GH9,2.1e-139,1.5e-141,463.6,29:482,453
35825,KNY26018.1,GH9,1.1e-132,7.4e-135,441.6,37:511,474
35825,KNY25228.1,GH9,2.4e-131,1.7e-133,437.1,58:537,479
35825,KNY25033.1,GH9,3.2e-129,2.3e-131,430.1,37:516,479
35825,KNY26631.1,GH9,2.9e-128,2e-130,427.0,33:442,409
35825,KNY26551.1,GH9,2.6e-128,1.8e-130,427.1,42:462,420
35825,KNY25264.1,GH9,1.4e-127,9.5e-130,424.7,58:541,483
35825,KNY25263.1,GH9,1.3e-127,9e-130,424.8,64:542,478
35825,KNY27286.1,GH9,1.1e-120,7.6e-123,402.0,281:762,481
35825,KNY28560.1,GH9,5e-116,3.5e-118,386.6,280:765,485
35825,KNY28342.1,GH9,6.6e-111,4.6e-113,369.8,281:767,486
35825,KNY27461.1,GH9,9.6e-109,6.7e-111,362.6,299:784,485
35825,KNY25649.1,GH9,2e-106,1.4e-108,355.0,368:813,445
35825,KNY25939.1,GH9,3.8e-106,2.6e-108,354.1,303:732,429
35825,KNY28341.1,GH9,1.1e-103,7.5e-106,346.0,280:767,487
35825,KNY30307.1,GH9,7.3e-103,5.1e-105,343.3,279:762,483
35825,KNY28339.1,GH9,7.9e-101,5.5e-103,336.5,281:771,490
35825,KNY29444.1,GH9,6.9e-100,4.8e-102,333.5,314:749,435
35825,KNY27462.1,GH9,1.1e-98,7.8e-101,329.5,305:790,485
35825,KNY28340.1,GH9,2.8e-98,2e-100,328.2,280:764,484
35825,KNY25621.1,GH9,2e-96,1.4e-98,322.1,40:360,320
35825,KNY27464.1,GH9,2e-88,1.4e-90,295.7,282:687,405
35825,KNY28343.1,GH9,1.3e-81,9.2e-84,273.2,0:369,369
35825,KNY29939.1,GH9,1.7e-78,1.2e-80,263.0,279:763,484
35825,KNY29859.1,GH9,1.2e-76,8.2e-79,256.9,315:748,433
35825,KNY25843.1,GH9,5.3e-73,3.7e-75,244.9,289:622,333
35825,KNY25842.1,GH9,3.6e-17,2.5e-19,60.9,0:96,96
35825,KNY28344.1,GH9,8.9e-17,6.2e-19,59.6,279:378,99
35825,KNY27463.1,GH9,1.3e-11,9e-14,42.6,0:79,79
35825,KNY26805.1,GH9,1.2e-06,8.4e-09,26.2,316:559,243
35825,KNY25463.1,GH5_25,6.9e-58,1.2e-60,194.4,51:340,289
35825,KNY29224.1,GH5_25,7e-38,1.2e-40,128.8,8:238,230
35825,KNY29224.1,GH5_25,1.5e-08,2.6e-11,32.6,221:322,101
35825,KNY30231.1,GH5_25,5.5e-17,9.4e-20,60.3,87:266,179
35825,KNY27224.1,GH5_25,5.2e-06,8.8e-09,24.3,69:222,153
35825,KNY27224.1,GH5_25,5.7e-06,9.6e-09,24.2,541:723,182
35825,KNY25129.1,GH5_25,1.7e-07,2.9e-10,29.2,41:200,159
35825,KNY27223.1,GH5_25,7.8e-06,1.3e-08,23.7,56:201,145
35825,KNY25463.1,GH5_5,7.1e-21,9.7e-24,73.0,51:345,294
35825,KNY27224.1,GH5_5,1.3e-06,1.8e-09,26.2,42:287,245
35825,KNY27224.1,GH5_5,3.4e-07,4.7e-10,28.1,526:774,248
35825,KNY29224.1,GH5_5,9.6e-12,1.3e-14,43.0,7:218,211
35825,KNY30231.1,GH5_5,2.4e-11,3.3e-14,41.7,76:245,169
35825,KNY26233.1,GH5_5,1.3e-06,1.8e-09,26.1,56:231,175
35825,KNY28917.1,GH5_5,7.9e-06,1.1e-08,23.6,243:439,196
35825,KNY26485.1,GH44,7.3e-250,2.5e-253,828.4,28:537,509
35825,KNY26550.1,GH44,5.3e-237,1.8e-240,785.9,32:554,522
35825,KNY25463.1,GH5_4,1.3e-107,1.3e-110,357.5,63:339,276
35825,KNY29224.1,GH5_4,6.1e-18,6.2e-21,63.4,26:237,211
35825,KNY30231.1,GH5_4,5e-06,5.1e-09,24.4,90:242,152
35825,KNY30231.1,GH5_2,1.4e-98,1.2e-101,327.4,55:293,238
35825,KNY27224.1,GH5_2,1.5e-12,1.3e-15,45.9,42:278,236
35825,KNY27224.1,GH5_2,6.4e-14,5.4e-17,50.3,528:767,239
35825,KNY27223.1,GH5_2,3.7e-12,3.2e-15,44.6,42:278,236
35825,KNY29224.1,GH5_2,2.2e-10,1.8e-13,38.8,8:217,209
35825,KNY25463.1,GH5_2,1.2e-08,1e-11,33.0,64:333,269
644383,GCE50334.1,GH12,9.6e-41,3e-44,137.6,111:258,147
644383,GCE50518.1,GH12,1.4e-15,4.3e-19,56.0,117:278,161
644383,GCE50102.1,GH5_1,8.8e-120,2.8e-123,398.1,49:368,319
644383,GCE50128.1,GH48,1.4e-276,2.2e-280,917.4,46:671,625
644383,GCE51262.1,GH9,4.6e-171,7.3e-175,568.1,40:475,435
644383,GCE48755.1,GH5_4,1.4e-08,4.5e-12,32.8,85:214,129
644383,GCE48755.1,GH5_25,7.3e-07,2.3e-10,27.2,92:212,120
644383,GCE50103.1,GH6,4.6e-69,7.3e-73,231.7,207:495,288
644383,GCE50103.1,GH6,1.7e-15,2.6e-19,55.8,507:566,59
349931,SHK26868.1,GH5_5,1e-05,1.4e-08,22.9,34:147,113
632518,ADQ04043.1,GH5_5,1.8e-08,1.7e-11,30.9,93:324,231
632518,ADQ04043.1,GH5_25,6e-13,2.8e-16,45.6,86:314,228
632518,ADQ04043.1,GH5_4,6.1e-12,2.8e-15,42.3,107:324,217
632518,ADQ04043.1,GH5_2,4.1e-95,1.9e-98,314.6,70:319,249
1294262,BBG25044.1,GH12,9.6e-09,3.4e-12,32.7,172:344,172
608506,ADL41864.1,GH5_25,4.4e-13,6.1e-16,46.1,87:324,237
608506,ADL42950.1,GH5_25,4.4e-10,6e-13,36.2,1142:1361,219
608506,ADL42951.1,GH5_25,9.4e-06,1.3e-08,22.0,873:1063,190
608506,ADL42953.1,GH9,5.6e-176,7.6e-179,582.7,35:466,431
608506,ADL42950.1,GH9,7.1e-168,9.7e-171,556.0,41:460,419
608506,ADL41864.1,GH5_2,7e-93,9.7e-96,307.3,70:319,249
608506,ADL42950.1,GH5_2,2.7e-11,3.7e-14,40.3,1114:1351,237
608506,ADL41864.1,GH5_4,8.1e-12,1.1e-14,42.0,86:264,178
608506,ADL42953.1,GH48,0.0,0.0,1049.6,1127:1749,622
608506,ADL42945.1,GH48,0.0,0.0,1049.3,1271:1893,622
608506,ADL42950.1,GH5_5,3.6e-11,6.6e-14,39.7,1162:1322,160
608506,ADL41864.1,GH5_5,1.8e-08,3.3e-11,30.9,91:324,233
608506,ADL42951.1,GH5_1,3.8e-120,5.2e-123,397.8,862:1202,340
608506,ADL42950.1,GH5_1,1.3e-46,1.8e-49,156.2,1119:1366,247
364901,GAA3904881.1,GH9,7.5e-119,1.2e-122,396.0,272:740,468
364901,GAA3904870.1,GH5_25,2.4e-14,1.6e-17,51.7,207:367,160
364901,GAA3940599.1,GH5_25,2.1e-06,1.4e-09,25.6,57:139,82
364901,GAA3919708.1,GH5_25,5.8e-10,3.8e-13,37.3,85:265,180
364901,GAA3905559.1,GH6,5.1e-64,2.5e-67,215.1,180:468,288
364901,GAA3905559.1,GH6,4.7e-17,2.3e-20,60.9,464:535,71
364901,GAA3930457.1,GH6,1.7e-54,8.5e-58,183.8,58:322,264
364901,GAA3896681.1,GH6,2.5e-41,1.2e-44,140.6,193:482,289
364901,GAA3940599.1,GH5_4,1.8e-06,1.2e-09,25.9,66:142,76
364901,GAA3905568.1,GH5_4,2.4e-09,1.6e-12,35.3,191:419,228
364901,GAA3904870.1,GH5_2,3.4e-85,2.2e-88,283.7,170:414,244
364901,GAA3919708.1,GH5_2,3e-10,1.9e-13,38.4,45:277,232
364901,GAA3905578.1,GH48,1.2e-282,1.9e-286,937.5,346:974,628
364901,GAA3919708.1,GH5_1,6.6e-23,4.3e-26,79.9,43:296,253
364901,GAA3905568.1,GH5_1,1.2e-08,8e-12,33.0,165:382,217
364901,GAA3940599.1,GH5_1,4.6e-06,3e-09,24.6,173:369,196
364901,GAA3904870.1,GH5_1,1.3e-06,8.3e-10,26.4,227:426,199
364901,GAA3905568.1,GH5_5,2.1e-10,2.1e-13,38.7,175:332,157
364901,GAA3919708.1,GH5_5,5e-13,4.9e-16,47.3,46:249,203
364901,GAA3904870.1,GH5_5,4.5e-12,4.4e-15,44.2,191:386,195
29313,SRX95619.1,GH5_5,3.1e-07,1.3e-10,27.9,298:375,77
29313,SRX92804.1,GH6,3.9e-63,8.3e-67,211.8,73:335,262
351627,ABP66691.1,GH44,9.1e-268,3.4e-271,886.3,783:1303,520
351627,ABP66691.1,GH5_1,4.8e-46,1.4e-48,154.7,50:297,247
351627,ABP66694.1,GH5_1,1e-40,3.1e-43,137.2,11:216,205
351627,ABP65789.1,GH5_1,2.8e-16,8.4e-19,56.9,5:185,180
351627,ABP66694.1,GH5_5,4.7e-12,1.4e-14,42.9,13:182,169
351627,ABP66691.1,GH5_5,4.2e-11,1.3e-13,39.8,77:253,176
351627,ABP65789.1,GH5_5,1.8e-07,5.5e-10,27.8,19:207,188
351627,ABP65789.1,GH5_4,1.8e-16,3.4e-19,57.5,24:294,270
351627,ABP66694.1,GH5_2,8.5e-12,1.6e-14,42.3,3:204,201
351627,ABP66691.1,GH5_2,1.8e-11,3.4e-14,41.2,41:282,241
351627,ABP66690.1,GH48,0.0,0.0,1048.2,1125:1747,622
351627,ABP65789.1,GH5_25,1.6e-26,3.1e-29,90.4,16:295,279
351627,ABP66694.1,GH5_25,5.1e-11,9.6e-14,39.6,3:203,200
351627,ABP66691.1,GH5_25,6.4e-10,1.2e-12,36.0,73:291,218
351627,ABP66690.1,GH9,3.6e-176,4e-179,583.7,35:466,431
351627,ABP66693.1,GH9,8.7e-171,9.8e-174,565.9,41:460,419
749414,ADI13081.1,GH5_2,1.2e-08,7.2e-12,33.8,81:345,264
749414,ADI12268.1,GH5_2,2.1e-08,1.2e-11,33.1,54:292,238
749414,ADI13041.1,GH5_2,2.8e-06,1.7e-09,26.1,80:343,263
749414,ADI09891.1,GH5_2,8.8e-06,5.2e-09,24.5,68:301,233
749414,ADI12317.1,GH44,3.5e-85,3.5e-89,285.8,38:562,524
749414,ADI06541.1,GH12,1.6e-26,3.2e-30,92.1,92:232,140
749414,ADI13090.1,GH12,1.6e-23,3.1e-27,82.4,87:227,140
749414,ADI04930.1,GH9,6.9e-120,2.8e-123,400.1,136:610,474
749414,ADI05235.1,GH9,3.2e-119,1.3e-122,397.9,136:604,468
749414,ADI12306.1,GH9,3.2e-106,1.3e-109,355.1,106:582,476
749414,ADI13081.1,GH5_4,9e-85,6.3e-88,283.3,78:359,281
749414,ADI13041.1,GH5_4,1.8e-83,1.3e-86,279.0,79:360,281
749414,ADI03480.1,GH5_4,5.2e-19,3.6e-22,67.7,0:98,98
749414,ADI09009.1,GH5_4,3.7e-16,2.6e-19,58.3,106:384,278
749414,ADI10019.1,GH6,3e-61,2.4e-64,206.7,61:349,288
749414,ADI10019.1,GH6,3.4e-17,2.7e-20,62.0,342:415,73
749414,ADI06662.1,GH6,3.1e-57,2.5e-60,193.5,42:307,265
749414,ADI09008.1,GH6,2.7e-56,2.1e-59,190.4,49:312,263
749414,ADI13085.1,GH6,5.8e-56,4.7e-59,189.3,42:305,263
749414,ADI09835.1,GH6,3.7e-55,3e-58,186.7,52:318,266
749414,ADI06092.1,GH6,4.8e-21,3.8e-24,74.7,44:165,121
749414,ADI06092.1,GH6,1.3e-06,1e-09,27.3,318:401,83
749414,ADI06092.1,GH6,1.8e-21,1.4e-24,76.1,431:514,83
749414,ADI11512.1,GH6,3.5e-30,2.8e-33,104.6,50:286,236
749414,ADI11512.1,GH6,3.3e-16,2.6e-19,58.8,268:334,66
749414,ADI13086.1,GH6,1.1e-09,8.4e-13,37.4,50:124,74
749414,ADI10021.1,GH48,7.6e-287,7.6e-291,952.0,329:957,628
749414,ADI09009.1,GH5_5,1.4e-14,1.3e-17,53.1,88:389,301
749414,ADI10020.1,GH5_5,1.1e-07,9.5e-11,30.5,46:204,158
749414,ADI13081.1,GH5_5,1e-10,9.3e-14,40.4,74:277,203
749414,ADI13041.1,GH5_5,7.7e-11,6.9e-14,40.8,75:354,279
749414,ADI12268.1,GH5_5,2.3e-09,2e-12,36.0,55:300,245
749414,ADI09891.1,GH5_5,2.2e-08,2e-11,32.8,74:228,154
749414,ADI13081.1,GH5_25,2.5e-46,1.5e-49,157.3,66:359,293
749414,ADI13041.1,GH5_25,2.4e-46,1.5e-49,157.3,67:360,293
749414,ADI09009.1,GH5_25,3.2e-17,1.9e-20,61.8,101:385,284
749414,ADI12268.1,GH5_25,2.9e-08,1.8e-11,32.4,72:264,192
749414,ADI09891.1,GH5_25,7.2e-08,4.3e-11,31.1,82:274,192
749414,ADI09009.1,GH5_1,1.4e-120,6.8e-124,401.4,78:391,313
749414,ADI12268.1,GH5_1,7.3e-21,3.6e-24,73.9,55:301,246
749414,ADI13081.1,GH5_1,3.5e-11,1.7e-14,42.1,79:325,246
749414,ADI13041.1,GH5_1,4.9e-10,2.4e-13,38.3,80:326,246
749414,ADI10020.1,GH5_1,2e-08,9.8e-12,33.0,36:258,222
554949,WPD18678.1,GH5_1,3e-15,1.3e-18,53.4,71:334,263
554949,WPD18678.1,GH5_25,4.4e-21,1.9e-24,72.4,52:335,283
554949,WPD18678.1,GH5_5,1.7e-15,7e-19,54.1,63:303,240
554949,WPD18678.1,GH5_4,3.7e-08,1.6e-11,30.1,73:304,231
554949,WPD18678.1,GH5_2,5.1e-10,2.2e-13,36.3,97:256,159
937334,SFQ16344.1,GH5_5,2.7e-21,2.2e-24,73.1,2:193,191
937334,SFQ16344.1,GH5_1,2.5e-11,1e-14,40.6,3:282,279
937334,SFQ16344.1,GH5_25,2.1e-126,8.5e-130,418.0,2:279,277
937334,SFQ16376.1,GH9,1.4e-124,1.2e-127,413.5,144:588,444
937334,SFQ28529.1,GH9,2.5e-06,2.1e-09,23.9,380:524,144
937334,SFQ16344.1,GH5_2,6.3e-21,5.2e-24,72.0,18:196,178
937334,SFQ16344.1,GH5_4,1.5e-47,6e-51,159.3,14:277,263
581036,RAK18867.1,GH9,5.1e-06,1.4e-09,23.4,335:481,146
397948,ABW01682.1,GH12,3.9e-16,9.9e-19,56.2,131:305,174
619593,AWR98165.1,GH12,4.3e-14,1.9e-17,49.7,126:301,175
1555112,BAS27961.1,GH5_5,1.1e-12,5.9e-16,45.5,52:247,195
1555112,BAS27961.1,GH5_25,1.1e-17,3.2e-21,61.8,52:337,285
1555112,BAS27961.1,GH5_1,3e-12,8.5e-16,44.1,62:336,274
1555112,BAS27961.1,GH5_2,7e-09,1.9e-12,33.1,149:256,107
1555112,BAS27961.1,GH5_4,7.2e-08,2e-11,29.7,62:333,271
454194,CDM67132.1,GH5_2,4.7e-14,1.5e-17,49.9,56:249,193
454194,CDM67132.1,GH5_4,1.1e-15,7.2e-19,55.1,63:251,188
454194,CDM67132.1,GH5_5,1.3e-19,8.3e-23,67.9,44:243,199
454194,CDM67132.1,GH5_25,7.7e-37,4.8e-40,124.5,45:265,220
454194,CDM67132.1,GH5_25,3.4e-09,2.1e-12,33.8,274:359,85
454194,CDM67132.1,GH5_1,4.2e-10,2.6e-13,36.9,45:259,214
439386,ACP45001.1,GH12,1.7e-18,1.2e-21,64.3,159:326,167
439386,ACP44630.1,GH12,6e-16,4.1e-19,56.1,143:317,174
523848,QXJ29013.1,GH12,1.8e-18,1.7e-21,64.4,157:327,170
523848,QXJ28463.1,GH12,7.4e-16,6.9e-19,56.0,144:318,174
523848,QXJ29154.1,GH12,1.6e-11,1.5e-14,41.9,182:356,174
319795,ABF44126.1,GH5_4,3.4e-09,1.1e-12,33.8,65:327,262
319795,ABF44126.1,GH5_1,3.9e-10,2.6e-13,36.9,56:355,299
319795,ABF44126.1,GH5_5,2.9e-06,9.4e-10,24.1,65:302,237
319795,ABF44126.1,GH5_25,5.2e-21,1.7e-24,72.5,53:357,304
1485586,MBB0232729.1,GH5_5,6.8e-12,2.6e-15,43.4,48:242,194
1485586,MBB0232309.1,GH5_5,5.2e-08,2e-11,30.6,56:226,170
1485586,MBB0230235.1,GH48,9.1e-290,1.7e-293,960.7,265:893,628
1485586,MBB0232729.1,GH5_1,2.7e-23,1e-26,80.9,45:298,253
1485586,MBB0232309.1,GH5_1,1.5e-10,5.6e-14,39.1,75:352,277
1485586,MBB0232309.1,GH5_25,7.4e-38,2.8e-41,128.6,60:355,295
1485586,MBB0232729.1,GH5_25,3.4e-11,1.3e-14,41.1,58:251,193
1485586,MBB0230236.1,GH6,7.5e-62,5.7e-65,207.7,212:502,290
1485586,MBB0230236.1,GH6,8.3e-18,6.3e-21,63.1,505:569,64
1485586,MBB0230075.1,GH6,3.2e-54,2.4e-57,182.7,85:393,308
1485586,MBB0229008.1,GH6,2.4e-54,1.8e-57,183.1,59:325,266
1485586,MBB0232344.1,GH6,2.5e-54,1.9e-57,183.0,108:373,265
1485586,MBB0230886.1,GH9,3.3e-120,1.9e-123,400.3,269:739,470
1485586,MBB0232052.1,GH9,2.4e-66,1.3e-69,222.8,132:589,457
1485586,MBB0232729.1,GH5_2,3.8e-13,1.5e-16,47.6,48:280,232
1485586,MBB0232309.1,GH5_4,1.4e-81,5.5e-85,271.9,74:354,280
1485586,MBB0232729.1,GH5_4,9.8e-07,3.7e-10,26.5,61:277,216
311460,MBB3905859.1,GH5_25,6.5e-23,1.8e-26,79.1,56:359,303
311460,MBB3905859.1,GH5_5,1.9e-09,1e-12,34.8,62:309,247
311460,MBB3905859.1,GH5_1,2.7e-15,7.3e-19,54.2,50:357,307
311460,MBB3905859.1,GH5_2,1.5e-06,1.2e-09,25.5,50:268,218
311460,MBB3905859.1,GH5_4,5.4e-09,1.5e-12,33.4,70:356,286
72144,KAL2270269.1,GH12,1.5e-40,2e-44,137.2,104:257,153
72144,KAL2271410.1,GH5_4,3e-08,1.6e-11,32.0,107:298,191
72144,KAL2265901.1,GH6,1.8e-125,9.7e-129,417.1,129:440,311
72144,KAL2264972.1,GH6,2.5e-118,1.3e-121,393.7,52:355,303
72144,KAL2269246.1,GH6,3e-102,1.6e-105,340.9,51:358,307
72144,KAL2267914.1,GH6,2.5e-95,1.3e-98,318.2,46:353,307
72144,KAL2271410.1,GH5_2,1.8e-06,4.6e-10,26.3,103:305,202
72144,KAL2270896.1,GH5_1,3.9e-50,2e-53,169.6,66:380,314
72144,KAL2268040.1,GH5_1,9.3e-07,4.9e-10,27.2,38:112,74
72144,KAL2268040.1,GH5_1,2.2e-16,1.2e-19,58.7,112:380,268
72144,KAL2271905.1,GH5_1,4.7e-11,2.5e-14,41.3,118:389,271
72144,KAL2271410.1,GH5_1,1.2e-06,6.3e-10,26.8,84:362,278
72144,KAL2267797.1,GH7,2.6e-209,1.4e-212,693.9,19:453,434
72144,KAL2265093.1,GH7,2.4e-185,1.3e-188,615.0,23:450,427
72144,KAL2265020.1,GH7,9.4e-152,5e-155,504.3,20:417,397
72144,KAL2264859.1,GH7,1e-135,5.4e-139,451.4,18:436,418
72144,KAL2271410.1,GH5_25,6.9e-08,3.6e-11,30.8,108:320,212
72144,KAL2271410.1,GH5_5,3.9e-113,2e-116,375.9,92:370,278
72144,KAL2265053.1,GH45,7.8e-91,2e-94,302.5,23:220,197
72144,KAL2270037.1,GH45,8e-90,2.1e-93,299.2,22:222,200
47854,SCL52025.1,GH5_25,9.3e-14,6.1e-17,49.7,180:389,209
47854,SCL56707.1,GH5_25,2e-09,1.3e-12,35.5,52:245,193
47854,SCL57588.1,GH5_25,5.1e-06,3.4e-09,24.3,61:211,150
47854,SCL52025.1,GH5_2,1.1e-84,5.6e-88,281.9,186:430,244
47854,SCL56707.1,GH5_2,2.5e-10,1.3e-13,38.6,41:273,232
47854,SCL71812.1,GH48,5.1e-276,8.4e-280,915.5,330:953,623
47854,SCL69503.1,GH6,3.9e-58,1.9e-61,195.7,187:474,287
47854,SCL69503.1,GH6,5.2e-18,2.6e-21,64.0,479:541,62
47854,SCL47670.1,GH6,1.5e-36,7.2e-40,124.9,51:267,216
47854,SCL47670.1,GH6,5.2e-22,2.6e-25,77.1,297:386,89
47854,SCL50147.1,GH6,1.4e-53,6.9e-57,180.8,48:315,267
47854,SCL56707.1,GH5_5,2.7e-12,2.2e-15,44.9,35:287,252
47854,SCL52025.1,GH5_5,4.4e-11,3.6e-14,40.9,201:409,208
47854,SCL57588.1,GH5_5,1.3e-07,1e-10,29.6,60:214,154
47854,SCL56928.1,GH9,2e-168,6.6e-172,559.3,47:482,435
47854,SCL54748.1,GH9,7.3e-118,2.4e-121,392.7,276:749,473
47854,SCL57588.1,GH5_1,2e-107,9.9e-111,357.4,50:386,336
47854,SCL56707.1,GH5_1,8.2e-22,4e-25,76.3,34:291,257
47854,SCL52025.1,GH5_1,1.2e-06,5.8e-10,26.5,185:440,255
47854,SCL59508.1,GH12,1.1e-44,1.8e-48,150.3,105:250,145
1562603,MBB3061788.1,GH5_4,9e-62,1.4e-64,206.8,201:408,207
1562603,MBB3061788.1,GH5_4,7.5e-12,1.2e-14,43.1,404:500,96
1562603,MBB3061791.1,GH5_4,7.1e-72,1.1e-74,239.9,253:552,299
1562603,MBB3062737.1,GH5_4,7.8e-46,1.2e-48,154.5,33:247,214
1562603,MBB3061789.1,GH5_4,3e-15,4.6e-18,54.3,24:280,256
1562603,MBB3061773.1,GH5_2,1.5e-99,2.9e-102,330.2,44:285,241
1562603,MBB3061789.1,GH5_2,8.8e-14,1.7e-16,49.5,15:178,163
1562603,MBB3061791.1,GH5_2,1.4e-11,2.8e-14,42.3,251:451,200
1562603,MBB3061788.1,GH5_2,6.5e-10,1.3e-12,36.8,193:402,209
1562603,MBB3061779.1,GH5_2,2.3e-08,4.5e-11,31.8,27:267,240
1562603,MBB3061774.1,GH5_1,1.5e-109,2.7e-112,364.0,37:377,340
1562603,MBB3061785.1,GH5_1,2.7e-07,4.8e-10,28.2,184:279,95
1562603,MBB3061785.1,GH5_1,6.2e-20,1.1e-22,69.7,306:461,155
1562603,MBB3061785.1,GH5_1,3.5e-12,6.2e-15,44.2,477:564,87
1562603,MBB3061789.1,GH5_1,1.9e-20,3.4e-23,71.3,0:279,279
1562603,MBB3061779.1,GH5_1,1.4e-18,2.5e-21,65.2,30:284,254
1562603,MBB3061791.1,GH5_1,1.5e-06,2.6e-09,25.8,237:459,222
1562603,MBB3061788.1,GH5_1,7.3e-06,1.3e-08,23.5,193:405,212
1562603,MBB3061788.1,GH5_25,1.1e-36,2e-39,124.5,188:501,313
1562603,MBB3061791.1,GH5_25,2.4e-35,4.2e-38,120.1,240:553,313
1562603,MBB3061789.1,GH5_25,1.1e-18,2e-21,65.4,26:280,254
1562603,MBB3062737.1,GH5_25,1.9e-17,3.4e-20,61.4,23:248,225
1562603,MBB3061773.1,GH5_25,5.6e-15,9.8e-18,53.3,102:240,138
1562603,MBB3062478.1,GH5_25,3.3e-08,5.8e-11,31.1,128:357,229
1562603,MBB3061780.1,GH6,4.8e-64,3.2e-67,214.7,184:466,282
1562603,MBB3061780.1,GH6,1.2e-15,8.1e-19,55.8,472:532,60
1562603,MBB3061762.1,GH6,4e-49,2.6e-52,165.7,35:302,267
1562603,MBB3059801.1,GH6,1.4e-48,9.2e-52,164.0,37:304,267
1562603,MBB3061789.1,GH5_5,1.8e-100,2.7e-103,333.6,1:286,285
1562603,MBB3061791.1,GH5_5,2.4e-18,3.7e-21,64.3,239:462,223
1562603,MBB3061788.1,GH5_5,3.5e-17,5.4e-20,60.5,187:405,218
1562603,MBB3061779.1,GH5_5,1.9e-11,2.9e-14,41.7,46:282,236
1562603,MBB3061773.1,GH5_5,2.5e-10,3.8e-13,38.0,99:237,138
1562603,MBB3061774.1,GH5_5,5.4e-07,8.4e-10,27.1,47:206,159
1562603,MBB3061775.1,GH9,4.3e-161,3.8e-164,534.7,23:461,438
1562603,MBB3062392.1,GH9,1.1e-94,9.4e-98,316.0,51:507,456
1562603,MBB3060016.1,GH9,1.3e-49,1.1e-52,167.5,183:676,493
1562603,MBB3060017.1,GH9,1.3e-48,1.1e-51,164.2,252:742,490
185139,TCJ15604.1,GH5_4,2.5e-08,8.4e-12,31.0,72:335,263
185139,TCJ15604.1,GH5_2,8.4e-11,2.8e-14,39.2,63:252,189
185139,TCJ15604.1,GH5_1,5.6e-15,1.9e-18,52.8,53:335,282
185139,TCJ15604.1,GH5_25,2.1e-18,7.1e-22,64.0,67:337,270
185139,TCJ15604.1,GH5_5,2.8e-14,1.8e-17,50.4,71:250,179
858215,AEF18067.1,GH9,7.4e-06,3.1e-09,22.3,4:160,156
273057,AAK42142.1,GH12,1.8e-18,1.8e-21,64.3,159:326,167
273057,AAK42663.1,GH12,3.2e-15,3.2e-18,53.8,144:318,174
44754,XEY04582.1,GH5_4,2.4e-51,1.2e-54,171.4,67:330,263
44754,XEY04582.1,GH5_25,4e-135,2e-138,446.3,55:332,277
44754,XEY04582.1,GH5_2,6.7e-18,6.7e-21,61.8,73:252,179
44754,XEY04582.1,GH5_1,7.2e-14,3.6e-17,48.6,50:334,284
44754,XEY04582.1,GH5_5,3e-16,4.6e-19,56.2,55:256,201
94694,AFL66263.1,GH5_1,2e-06,1.4e-09,23.7,66:267,201
1424653,QCI29200.1,GH5_25,8e-26,4.1e-29,87.7,37:304,267
1424653,QCI29200.1,GH5_5,6.8e-06,3.5e-09,22.3,38:253,215
1424653,QCI29200.1,GH5_4,5.9e-12,3e-15,42.2,46:305,259
1424653,QCI29200.1,GH5_2,7.6e-14,7.8e-17,48.5,40:258,218
1006006,AEB95090.1,GH12,1.1e-08,5.5e-12,32.0,146:214,68
176598,KAF1690986.1,GH9,7e-103,5.2e-106,342.2,120:571,451
176598,KAF1690705.1,GH9,1.3e-19,1e-22,67.8,357:811,454
1525,AKX97101.1,GH9,7.4e-07,2.8e-10,25.8,449:643,194
54256,BES81017.1,GH12,1e-10,4.1e-14,38.9,13:158,145
153151,QSB47792.1,GH9,3e-06,9.1e-10,24.1,322:480,158
2423,AMW33355.1,GH5_2,2e-16,2e-19,57.0,81:251,170
2423,AMW33355.1,GH5_4,9.5e-51,4.7e-54,169.5,67:330,263
2423,AMW33355.1,GH5_5,5.3e-14,2.6e-17,48.9,55:253,198
2423,AMW33355.1,GH5_25,2.6e-134,1.3e-137,443.6,55:332,277
2423,AMW33355.1,GH5_1,8.2e-13,4e-16,45.2,48:334,286
883812,OXB91748.1,GH9,2.7e-06,7.6e-10,24.4,322:481,159
207809,WWQ60903.1,GH12,2.3e-16,1.7e-19,57.4,157:328,171
207809,WWQ60989.1,GH12,3.8e-15,2.8e-18,53.4,150:324,174
591019,ADI31911.1,GH5_5,2.3e-09,2.9e-12,33.4,74:373,299
591019,ADI31911.1,GH5_25,1.1e-06,6.7e-10,24.7,82:265,183
591019,ADI31911.1,GH5_1,2e-116,1.3e-119,385.1,63:382,319
591019,ADI31911.1,GH5_4,2.6e-07,1.6e-10,26.7,91:244,153
632292,ADQ07774.1,GH5_2,2.3e-93,2.8e-96,309.1,70:319,249
632292,ADQ08066.1,GH5_4,8.6e-14,6.8e-17,48.6,24:294,270
632292,ADQ07774.1,GH5_4,2.1e-10,1.6e-13,37.6,87:324,237
632292,ADQ08066.1,GH5_25,1.2e-24,9.7e-28,84.2,16:295,279
632292,ADQ07774.1,GH5_25,3.8e-11,3e-14,39.9,86:323,237
632292,ADQ07774.1,GH5_5,8.7e-07,1.4e-09,25.6,99:324,225
632292,ADQ08066.1,GH5_1,3.4e-14,1.3e-17,50.0,5:298,293
699281,MCM8901046.1,GH5_25,2.3e-24,1e-27,83.1,20:112,92
699281,MCM8901046.1,GH9,1.1e-123,9e-127,410.6,239:683,444
699281,MCM8899918.1,GH9,3.7e-06,3.1e-09,23.3,379:527,148
1082276,TCL61791.1,GH5_25,1.2e-23,2.3e-27,82.0,59:360,301
1082276,TCL61791.1,GH5_4,2.4e-14,4.6e-18,51.5,68:355,287
1082276,TCL61791.1,GH5_5,2.1e-11,7.8e-15,41.8,66:268,202
1082276,TCL61791.1,GH5_1,1.2e-15,2.3e-19,55.8,65:358,293
5763,KAF0976663.1,GH5_1,9.2e-06,1.3e-09,24.7,59:149,90
579137,ACX72533.1,GH5_25,5.2e-22,3e-25,75.0,97:286,189
579137,ACX72533.1,GH5_5,7.7e-07,4.4e-10,25.2,90:290,200
519442,ACV12565.1,GH9,4.6e-131,1.5e-134,435.2,61:541,480
519442,ACV12561.1,GH5_4,2.3e-07,3.8e-10,27.8,149:316,167
519442,ACV12564.1,GH5_4,1.5e-06,2.4e-09,25.2,117:284,167
519442,ACV10489.1,GH5_4,3.7e-06,6.2e-09,23.8,151:293,142
519442,ACV12561.1,GH5_2,1.2e-30,2.7e-33,104.2,147:364,217
519442,ACV12560.1,GH5_2,1.2e-10,2.8e-13,38.6,117:230,113
519442,ACV12560.1,GH5_2,1.3e-12,3.1e-15,45.1,244:363,119
519442,ACV12554.1,GH5_2,5.2e-14,1.2e-16,49.7,300:421,121
519442,ACV10489.1,GH5_2,1.9e-21,4.5e-24,74.0,148:303,155
519442,ACV12564.1,GH5_2,1.2e-18,2.9e-21,64.8,75:334,259
519442,ACV12555.1,GH12,1.8e-08,5.9e-12,31.9,141:294,153
519442,ACV12561.1,GH5_1,1.8e-10,3.7e-13,38.0,73:370,297
519442,ACV12559.1,GH5_1,2.2e-07,4.3e-10,27.9,121:312,191
519442,ACV12560.1,GH5_1,2.1e-06,4.1e-09,24.7,77:369,292
519442,ACV10489.1,GH5_1,4.3e-06,8.7e-09,23.6,74:271,197
519442,ACV12561.1,GH5_25,4.3e-14,1.1e-16,49.8,144:333,189
519442,ACV10489.1,GH5_25,5.8e-09,1.6e-11,33.0,124:315,191
519442,ACV12564.1,GH5_25,3.7e-08,9.9e-11,30.4,149:305,156
519442,ACV12561.1,GH5_5,1e-10,2.4e-13,38.7,147:375,228
519442,ACV10489.1,GH5_5,1.3e-08,3.1e-11,31.7,145:276,131
519442,ACV12564.1,GH5_5,3.2e-06,7.5e-09,23.9,109:287,178
