taxID,accession,family,evalue,evalue_cond,score,domain_coord,domain_len,domain
273057,AAK42142.1,GH12,1.8e-18,1.8e-21,64.3,159:326,167,Archaea
273057,AAK42663.1,GH12,3.2e-15,3.2e-18,53.8,144:318,174,Archaea
119072,AAM23368.1,GH5_1,4.1e-06,1.6e-09,23.5,11:213,202,Bacteria
269800,AAZ54658.1,GH6,5.3e-64,3.4e-67,214.0,189:478,289,Bacteria
269800,AAZ54938.1,GH5_1,1.8e-23,1.7e-26,80.8,43:293,250,Bacteria
269800,AAZ55112.1,GH6,3.9e-69,2.5000000000000003e-72,230.9,41:305,264,Bacteria
269800,AAZ55662.1,GH9,7.8e-124,5.0000000000000006e-127,411.4,300:771,471,Bacteria
269800,AAZ55992.1,GH48,8.3e-284,2.7e-287,940.3,343:978,635,Bacteria
269800,AAZ56209.1,GH9,2.1e-176,1.3e-179,584.7,50:484,434,Bacteria
405,ABE50281.1,GH5_25,8.6e-37,3.1e-40,124.2,203:461,258,Bacteria
319795,ABF44126.1,GH5_25,5.2e-21,1.7e-24,72.5,53:357,304,Bacteria
351607,ABK51910.1,GH6,5e-40,4.699999999999999e-43,134.8,57:274,217,Bacteria
351607,ABK51910.1,GH6,3.1e-18,2.9e-21,63.2,350:406,56,Bacteria
351607,ABK52387.1,GH5_1,5.3000000000000005e-124,2.5e-127,410.4,53:371,318,Bacteria
351607,ABK52390.1,GH48,3.8e-270,1.7000000000000002e-273,894.6,233:864,631,Bacteria
351607,ABK52743.1,GH9,2.1999999999999998e-116,2e-119,386.4,19:520,501,Bacteria
351607,ABK53473.1,GH9,4.4e-159,4.1e-162,527.1,45:490,445,Bacteria
368408,ABL79076.1,GH12,7.3e-17,3.9e-20,58.5,139:299,160,Archaea
1515,ABN51284.1,GH9,9.5e-157,5.4e-159,519.9,49:471,422,Bacteria
1515,ABN51513.1,GH9,6.4e-145,3.5999999999999996e-147,480.9,30:450,420,Bacteria
1515,ABN51671.1,GH9,1.5e-141,8.7e-144,469.8,40:511,471,Bacteria
1515,ABN51859.1,GH44,1.5000000000000001e-274,4.8e-278,908.9,773:1284,511,Bacteria
1515,ABN51859.1,GH9,2.3e-101,1.3e-103,337.5,314:749,435,Bacteria
1515,ABN52032.1,GH5_4,8.899999999999999e-105,2e-107,347.3,77:353,276,Bacteria
1515,ABN52700.1,GH5_1,6e-12,1.7e-14,42.9,188:484,296,Bacteria
1515,ABN53350.1,GH5_1,1.9e-114,5.3e-117,379.6,208:546,338,Bacteria
1515,ABN53395.1,GH5_2,1.2e-07,1.9e-10,28.9,102:182,80,Bacteria
1515,ABN53562.1,GH9,1.7000000000000001e-134,9.4e-137,446.6,18:497,479,Bacteria
1515,ABN53960.1,GH9,6.9e-149,3.9e-151,494.0,29:453,424,Bacteria
1515,ABN54006.1,GH5_25,3.3e-36,9.399999999999999e-39,122.4,5:243,238,Bacteria
1515,ABN54006.1,GH5_25,1.2e-08,3.4e-11,32.1,248:318,70,Bacteria
351627,ABP65789.1,GH5_25,1.6e-26,3.0999999999999997e-29,90.4,16:295,279,Bacteria
351627,ABP66690.1,GH48,0.0,0.0,1048.2,1125:1747,622,Bacteria
351627,ABP66690.1,GH9,3.6e-176,4e-179,583.7,35:466,431,Bacteria
351627,ABP66691.1,GH44,9.1e-268,3.3999999999999995e-271,886.3,783:1303,520,Bacteria
351627,ABP66691.1,GH5_1,4.7999999999999995e-46,1.4e-48,154.7,50:297,247,Bacteria
351627,ABP66693.1,GH9,8.699999999999999e-171,9.8e-174,565.9,41:460,419,Bacteria
351627,ABP66694.1,GH5_1,1e-40,3.0999999999999995e-43,137.2,11:216,205,Bacteria
383372,ABU56316.1,GH5_25,6.2000000000000005e-30,4.3e-33,102.3,36:280,244,Bacteria
397948,ABW01682.1,GH12,3.9e-16,9.9e-19,56.2,131:305,174,Archaea
309799,ACI18413.1,GH5_4,2.1e-83,5.6e-86,276.5,55:322,267,Bacteria
309799,ACI18797.1,GH44,6e-229,3.1000000000000002e-232,757.8,0:477,477,Bacteria
309799,ACI19111.1,GH12,2.4e-20,1.2e-23,69.8,116:287,171,Bacteria
309799,ACI19118.1,GH5_25,3.9999999999999997e-32,1.1e-34,108.3,11:298,287,Bacteria
309799,ACI19154.1,GH5_25,7.799999999999999e-129,2.0000000000000002e-131,425.6,7:287,280,Bacteria
309799,ACI19692.1,GH5_25,2.9000000000000002e-126,7.5e-129,417.1,28:305,277,Bacteria
515635,ACK41435.1,GH44,2.7999999999999997e-245,1.6e-248,811.5,44:563,519,Bacteria
515635,ACK41602.1,GH5_25,4.5e-136,1.3e-138,449.2,31:310,279,Bacteria
515635,ACK41916.1,GH12,1.3e-20,7.4e-24,70.5,116:286,170,Bacteria
515635,ACK41954.1,GH5_25,3.6e-125,1e-127,413.4,28:305,277,Bacteria
515635,ACK41956.1,GH5_25,1.9999999999999998e-30,5.8e-33,102.6,11:298,287,Bacteria
515635,ACK42859.1,GH5_4,2.8999999999999997e-84,8.3e-87,279.2,55:322,267,Bacteria
490899,ACL10732.1,GH5_1,8.4e-07,5.7e-10,24.9,63:272,209,Archaea
326427,ACL26277.1,GH9,7e-174,1.8999999999999998e-177,576.6,30:467,437,Bacteria
309803,ACM23282.1,GH12,9.1e-27,9.400000000000001e-30,90.6,120:288,168,Bacteria
309803,ACM23283.1,GH12,8.9e-26,9.2e-29,87.4,103:272,169,Bacteria
521460,ACM59384.1,GH5_25,5.4e-26,1.2e-28,88.7,16:295,279,Bacteria
521460,ACM59720.1,GH5_2,1e-94,1.5e-97,313.6,70:319,249,Bacteria
429572,ACP34505.1,GH12,6.6e-16,4.8e-19,55.9,143:317,174,Archaea
429572,ACP34754.1,GH12,1.6e-18,1.2e-21,64.3,159:326,167,Archaea
439386,ACP44630.1,GH12,6e-16,4.1e-19,56.1,143:317,174,Archaea
439386,ACP45001.1,GH12,1.7e-18,1.2e-21,64.3,159:326,167,Archaea
419942,ACP49447.1,GH12,1.7e-18,1.2e-21,64.3,159:326,167,Archaea
419942,ACP49627.1,GH12,4.8e-16,3.3e-19,56.4,143:317,174,Archaea
53635,ACU53036.1,GH5_2,1.7e-14,1.7e-17,50.6,59:333,274,Bacteria
53635,ACU54908.1,GH5_2,1.5e-18,1.5e-21,64.0,70:326,256,Bacteria
519442,ACV10489.1,GH5_2,1.9e-21,4.5e-24,74.0,148:303,155,Archaea
519442,ACV12554.1,GH5_2,5.2e-14,1.2e-16,49.7,300:421,121,Archaea
519442,ACV12555.1,GH12,1.8e-08,5.9e-12,31.9,141:294,153,Archaea
519442,ACV12559.1,GH5_1,2.2e-07,4.3e-10,27.9,121:312,191,Archaea
519442,ACV12560.1,GH5_2,1.3e-12,3.1e-15,45.1,244:363,119,Archaea
519442,ACV12560.1,GH5_2,1.2e-10,2.8e-13,38.6,117:230,113,Archaea
519442,ACV12561.1,GH5_2,1.2000000000000001e-30,2.7e-33,104.2,147:364,217,Archaea
519442,ACV12564.1,GH5_2,1.2e-18,2.9e-21,64.8,75:334,259,Archaea
519442,ACV12565.1,GH9,4.6e-131,1.5e-134,435.2,61:541,480,Archaea
579137,ACX72533.1,GH5_25,5.2e-22,3e-25,75.0,97:286,189,Archaea
518766,ACY46934.1,GH5_2,3.9e-29,1.4e-32,99.1,58:321,263,Bacteria
518766,ACY46985.1,GH9,1.1e-09,1.2e-12,35.2,549:780,231,Bacteria
518766,ACY47427.1,GH9,4.1e-31,4.2e-34,105.8,117:591,474,Bacteria
518766,ACY48513.1,GH12,1.4999999999999998e-39,5.2999999999999995e-43,132.6,113:260,147,Bacteria
471852,ACY97312.1,GH6,2.0999999999999998e-55,4.3e-59,186.5,67:388,321,Bacteria
525903,ACZ19972.1,GH5_25,8.3e-08,4.8e-11,28.4,178:338,160,Bacteria
525904,ACZ43095.1,GH5_25,3.6e-27,2.6000000000000002e-30,92.6,6:221,215,Bacteria
525904,ACZ43095.1,GH5_25,3.2e-07,2.2e-10,27.2,247:316,69,Bacteria
590168,ADA67369.1,GH12,1.9e-26,3.2999999999999997e-29,89.4,103:272,169,Bacteria
590168,ADA67370.1,GH12,2e-27,3.3e-30,92.6,139:307,168,Bacteria
62320,ADB61387.1,GH5_2,4.3e-27,1.7e-30,93.2,32:288,256,Archaea
62320,ADB63457.1,GH5_2,6e-07,2.3e-10,27.3,31:249,218,Archaea
425944,ADB86136.1,GH12,6.1e-16,4.1e-19,56.1,143:317,174,Archaea
425944,ADB86610.1,GH12,1.7e-18,1.2e-21,64.4,157:324,167,Archaea
439481,ADD08340.1,GH5_4,9.6e-06,1.9e-08,21.5,45:172,127,Archaea
439481,ADD09279.1,GH5_25,1.3e-17,1.7e-20,60.4,59:284,225,Archaea
562970,ADG05167.1,GH9,5.3e-06,1.7e-09,23.2,390:542,152,Bacteria
469371,ADG87082.1,GH12,1.9e-43,5.5e-47,145.5,122:264,142,Bacteria
469371,ADG87649.1,GH5_1,1.3e-20,1.1e-23,71.6,38:290,252,Bacteria
469371,ADG88849.1,GH48,5.399999999999999e-289,1.5e-292,957.6,158:781,623,Bacteria
469371,ADG89029.1,GH5_25,6.1e-16,5.2e-19,56.1,63:331,268,Bacteria
469371,ADG89357.1,GH6,3.9000000000000005e-67,2.2e-70,224.5,208:492,284,Bacteria
469371,ADG89529.1,GH6,2e-62,1.1e-65,209.1,44:307,263,Bacteria
749414,ADI03480.1,GH5_4,5.2e-19,3.6000000000000003e-22,67.7,0:98,98,Bacteria
749414,ADI04930.1,GH9,6.899999999999999e-120,2.8000000000000002e-123,400.1,136:610,474,Bacteria
749414,ADI05235.1,GH9,3.2e-119,1.3000000000000001e-122,397.9,136:604,468,Bacteria
749414,ADI06092.1,GH6,1.8e-21,1.3999999999999999e-24,76.1,431:514,83,Bacteria
749414,ADI06092.1,GH6,4.8e-21,3.7999999999999995e-24,74.7,44:165,121,Bacteria
749414,ADI06092.1,GH6,1.3e-06,1e-09,27.3,318:401,83,Bacteria
749414,ADI06541.1,GH12,1.6e-26,3.2e-30,92.1,92:232,140,Bacteria
749414,ADI06662.1,GH6,3.1000000000000003e-57,2.5e-60,193.5,42:307,265,Bacteria
749414,ADI09008.1,GH6,2.7e-56,2.1e-59,190.4,49:312,263,Bacteria
749414,ADI09009.1,GH5_1,1.4e-120,6.8e-124,401.4,78:391,313,Bacteria
749414,ADI09835.1,GH6,3.7e-55,3e-58,186.7,52:318,266,Bacteria
749414,ADI09891.1,GH5_5,2.2e-08,2e-11,32.8,74:228,154,Bacteria
749414,ADI10019.1,GH6,3e-61,2.4e-64,206.7,61:349,288,Bacteria
749414,ADI10020.1,GH5_1,2e-08,9.8e-12,33.0,36:258,222,Bacteria
749414,ADI10021.1,GH48,7.6e-287,7.6e-291,952.0,329:957,628,Bacteria
749414,ADI11512.1,GH6,3.5e-30,2.8000000000000002e-33,104.6,50:286,236,Bacteria
749414,ADI12268.1,GH5_1,7.3e-21,3.599999999999999e-24,73.9,55:301,246,Bacteria
749414,ADI12306.1,GH9,3.2e-106,1.3e-109,355.1,106:582,476,Bacteria
749414,ADI12317.1,GH44,3.5e-85,3.5000000000000004e-89,285.8,38:562,524,Bacteria
749414,ADI13041.1,GH5_4,1.8e-83,1.3e-86,279.0,79:360,281,Bacteria
749414,ADI13081.1,GH5_4,9e-85,6.3e-88,283.3,78:359,281,Bacteria
749414,ADI13085.1,GH6,5.8e-56,4.7e-59,189.3,42:305,263,Bacteria
749414,ADI13086.1,GH6,1.1e-09,8.4e-13,37.4,50:124,74,Bacteria
749414,ADI13090.1,GH12,1.6000000000000002e-23,3.1000000000000002e-27,82.4,87:227,140,Bacteria
332249,ADI14563.1,GH5_1,4.6e-78,3.1e-81,260.0,10:313,303,Bacteria
591019,ADI31911.1,GH5_1,2e-116,1.3e-119,385.1,63:382,319,Archaea
644295,ADI73986.1,GH9,3.9e-07,1.7e-10,26.5,434:579,145,Archaea
666510,ADL19791.1,GH12,9.4e-09,1.9e-11,31.9,122:276,154,Archaea
666510,ADL19820.1,GH12,3.8e-09,7.6e-12,33.1,112:267,155,Archaea
608506,ADL41864.1,GH5_2,7e-93,9.699999999999999e-96,307.3,70:319,249,Bacteria
608506,ADL42945.1,GH48,0.0,0.0,1049.3,1271:1893,622,Bacteria
608506,ADL42950.1,GH9,7.1e-168,9.7e-171,556.0,41:460,419,Bacteria
608506,ADL42950.1,GH5_1,1.2999999999999999e-46,1.8e-49,156.2,1119:1366,247,Bacteria
608506,ADL42951.1,GH5_1,3.8e-120,5.2000000000000006e-123,397.8,862:1202,340,Bacteria
608506,ADL42953.1,GH48,0.0,0.0,1049.6,1127:1749,622,Bacteria
608506,ADL42953.1,GH9,5.6e-176,7.6e-179,582.7,35:466,431,Bacteria
583356,ADM27073.1,GH5_1,6.8e-112,1.1e-114,370.5,15:341,326,Archaea
583356,ADM27292.1,GH12,1.2e-17,2.6e-20,61.0,208:377,169,Archaea
583356,ADM27405.1,GH5_1,2.7e-81,4.1e-84,270.0,26:362,336,Archaea
583356,ADM27471.1,GH12,6.8e-18,1.4e-20,61.8,169:318,149,Archaea
583356,ADM27702.1,GH12,8.8e-14,1.8e-16,48.5,192:350,158,Archaea
583356,ADM28608.1,GH12,5e-10,1e-12,36.3,114:188,74,Archaea
665571,ADN01239.1,GH9,1.8e-36,4.2e-39,123.1,96:550,454,Bacteria
665571,ADN01378.1,GH12,7e-14,6.4e-17,49.0,99:249,150,Bacteria
665571,ADN01668.1,GH5_25,1.7e-29,3.9999999999999997e-32,99.9,4:297,293,Bacteria
665571,ADN02189.1,GH5_1,2.6000000000000003e-33,5.9999999999999996e-36,112.6,41:288,247,Bacteria
665571,ADN02392.1,GH5_2,7.499999999999999e-96,1.4000000000000001e-98,317.1,47:280,233,Bacteria
665571,ADN02583.1,GH9,1.6999999999999998e-105,3.8e-108,350.6,292:728,436,Bacteria
665571,ADN02996.1,GH5_1,3.1000000000000004e-104,7.1e-107,345.5,36:372,336,Bacteria
665571,ADN02997.1,GH9,1.3000000000000002e-145,3e-148,482.7,49:468,419,Bacteria
665571,ADN02998.1,GH9,1.0000000000000001e-159,2.3000000000000003e-162,529.2,42:465,423,Bacteria
572478,ADN50982.1,GH12,3.5e-06,1.4e-09,24.2,152:320,168,Archaea
632518,ADQ04043.1,GH5_2,4.1e-95,1.9e-98,314.6,70:319,249,Bacteria
632292,ADQ07774.1,GH5_2,2.3e-93,2.7999999999999997e-96,309.1,70:319,249,Bacteria
632292,ADQ08066.1,GH5_25,1.2e-24,9.700000000000002e-28,84.2,16:295,279,Bacteria
301953,ADQ39606.1,GH44,4.4999999999999997e-265,1.7999999999999998e-268,877.3,1229:1749,520,Bacteria
301953,ADQ39796.1,GH5_25,7.800000000000001e-27,6.3000000000000005e-30,91.4,21:295,274,Bacteria
301953,ADQ41479.1,GH5_2,1.1e-94,4.3e-98,313.5,70:319,249,Bacteria
301953,ADQ41951.1,GH9,2.8e-174,3.3999999999999996e-177,577.3,33:464,431,Bacteria
632348,ADQ45727.1,GH48,0.0,0.0,1043.4,1103:1725,622,Bacteria
632348,ADQ45727.1,GH9,1.2e-175,2e-178,581.8,35:466,431,Bacteria
632348,ADQ45728.1,GH44,1.6e-269,6.400000000000001e-273,892.0,763:1283,520,Bacteria
632348,ADQ45728.1,GH5_1,1.5e-46,3e-49,156.3,51:297,246,Bacteria
632348,ADQ45729.1,GH48,0.0,0.0,1050.3,850:1472,622,Bacteria
632348,ADQ45730.1,GH5_1,8.6e-120,1.7000000000000002e-122,396.8,818:1158,340,Bacteria
632348,ADQ45730.1,GH5_1,7.7e-47,1.5999999999999998e-49,157.2,51:297,246,Bacteria
632348,ADQ45731.1,GH9,1.8e-170,2.9e-173,564.8,41:460,419,Bacteria
632348,ADQ45732.1,GH5_1,3.7e-47,7.6e-50,158.2,314:561,247,Bacteria
632348,ADQ45737.1,GH48,0.0,0.0,1045.1,1210:1832,622,Bacteria
632348,ADQ47167.1,GH5_25,4.6e-26,9.3e-29,88.8,16:295,279,Bacteria
128,ADV60918.1,GH5_25,5.9e-114,1.6e-117,377.7,39:317,278,Bacteria
128,ADV61705.1,GH9,4.3000000000000004e-32,2.3e-35,109.4,34:161,127,Bacteria
930945,ADX84426.1,GH12,7.6e-16,5.7e-19,55.6,143:317,174,Archaea
930945,ADX84872.1,GH12,4.6e-18,3.5e-21,62.8,159:329,170,Archaea
999630,AEA12777.1,GH12,8e-19,7.3e-22,65.0,85:248,163,Archaea
1006006,AEB95090.1,GH12,1.1e-08,5.5e-12,32.0,146:214,68,Archaea
697281,AEE95680.1,GH5_25,1.0000000000000001e-126,2.8999999999999995e-129,419.2,33:310,277,Bacteria
697281,AEE96268.1,GH5_25,4.4e-22,1.2e-24,76.0,52:360,308,Bacteria
697281,AEE96307.1,GH9,2.1e-166,1.5e-169,551.6,37:469,432,Bacteria
697281,AEE96308.1,GH48,6.8999999999999995e-279,2.4e-282,923.9,42:665,623,Bacteria
697281,AEE96309.1,GH5_1,1.4e-35,3e-38,120.4,36:290,254,Bacteria
697281,AEE96310.1,GH5_2,2.6e-99,4.5e-102,328.8,53:287,234,Bacteria
697281,AEE96311.1,GH5_4,3.8999999999999996e-90,8.2e-93,299.1,60:343,283,Bacteria
697281,AEE96313.1,GH5_1,2e-108,4.1000000000000004e-111,359.7,35:362,327,Bacteria
697281,AEE96314.1,GH9,2.7999999999999996e-135,1.8999999999999998e-138,449.0,38:470,432,Bacteria
697281,AEE97278.1,GH5_25,3.1e-25,8.7e-28,86.3,19:299,280,Bacteria
858215,AEF18067.1,GH9,7.4e-06,3.1e-09,22.3,4:160,156,Bacteria
1565,AEF93392.1,GH9,1.7e-06,1.3e-09,24.6,400:602,202,Bacteria
78579,AEO53175.1,GH5_1,3.6e-45,4.4e-48,153.5,70:383,313,Eukaryota
78579,AEO53522.1,GH7,1e-198,6.8e-202,659.3,18:454,436,Eukaryota
78579,AEO55544.1,GH7,1.3000000000000001e-210,8.3e-214,698.5,18:452,434,Eukaryota
78579,AEO57190.1,GH6,1.6e-105,7.1e-109,351.9,50:357,307,Eukaryota
78579,AEO57401.1,GH5_1,1e-07,1.3e-10,30.5,124:385,261,Eukaryota
78579,AEO58455.1,GH5_5,3.6e-110,1.6e-113,366.4,33:315,282,Eukaryota
78579,AEO58520.1,GH5_1,1.3e-14,1.6e-17,53.2,113:381,268,Eukaryota
78579,AEO58824.1,GH7,4.6e-40,3e-43,136.5,20:128,108,Eukaryota
78579,AEO59280.1,GH6,2.3e-117,1e-120,390.8,58:361,303,Eukaryota
78579,AEO59361.1,GH7,8.5e-148,5.5999999999999995e-151,491.5,20:419,399,Eukaryota
78579,AEO60532.1,GH12,1.0999999999999999e-47,1.2e-51,160.6,97:246,149,Eukaryota
78579,AEO60897.1,GH5_1,8.9e-10,1.1e-12,37.3,33:337,304,Eukaryota
78579,AEO61262.1,GH7,2.1e-187,1.3999999999999998e-190,622.0,21:449,428,Eukaryota
2587410,AEO62210.1,GH6,9.1e-129,1.9e-132,428.4,137:447,310,Eukaryota
2587410,AEO62940.1,GH5_5,4.2e-86,3e-89,287.6,24:331,307,Eukaryota
2587410,AEO63146.1,GH7,4.7e-56,2.4e-59,189.3,160:335,175,Eukaryota
2587410,AEO63146.1,GH7,4.8e-06,2.5e-09,24.5,17:69,52,Eukaryota
2587410,AEO64066.1,GH7,1.8e-204,9.3e-208,678.3,0:423,423,Eukaryota
2587410,AEO64572.1,GH6,2.8e-115,5.7e-119,384.1,59:362,303,Eukaryota
2587410,AEO65930.1,GH45,4.5e-91,9.2e-95,303.7,24:226,202,Eukaryota
2587410,AEO66394.1,GH5_1,4e-08,5.8e-11,32.0,31:226,195,Eukaryota
2587410,AEO67140.1,GH7,6.4e-148,3.3e-151,492.0,20:418,398,Eukaryota
2587410,AEO67160.1,GH12,3.7999999999999996e-39,1.2e-42,133.0,85:236,151,Eukaryota
2587410,AEO67179.1,GH5_5,3.3000000000000004e-89,2.3999999999999998e-92,297.8,32:324,292,Eukaryota
2587410,AEO67421.1,GH7,2.5e-143,1.3e-146,476.9,23:397,374,Eukaryota
2587410,AEO67907.1,GH5_1,7.3e-13,1e-15,47.6,110:307,197,Eukaryota
2587410,AEO68296.1,GH12,9.7e-49,3e-52,164.1,95:244,149,Eukaryota
2587410,AEO68439.1,GH5_1,2e-11,2.8e-14,42.9,118:384,266,Eukaryota
2587410,AEO68519.1,GH5_5,2.7999999999999998e-112,1.9999999999999999e-115,373.4,39:319,280,Eukaryota
2587410,AEO69079.1,GH12,5.7e-15,1.7e-18,54.6,103:235,132,Eukaryota
2587410,AEO69593.1,GH5_1,6e-09,8.6e-12,34.7,114:378,264,Eukaryota
2587410,AEO69910.1,GH5_5,2.1e-97,1.5e-100,324.6,92:392,300,Eukaryota
2587410,AEO70062.1,GH5_1,8.000000000000001e-49,1.1e-51,165.7,66:380,314,Eukaryota
2587410,AEO70679.1,GH5_5,3.4999999999999997e-115,2.5e-118,382.9,89:367,278,Eukaryota
720554,AEV67086.1,GH5_4,3.1000000000000003e-106,2.4e-109,352.4,71:348,277,Bacteria
720554,AEV67733.1,GH9,4.2e-179,1.5999999999999998e-181,593.9,29:460,431,Bacteria
720554,AEV67797.1,GH5_1,2.8e-116,3.6e-119,385.9,54:398,344,Bacteria
720554,AEV68200.1,GH44,1.3000000000000001e-249,3.3e-253,826.9,29:543,514,Bacteria
720554,AEV68202.1,GH9,6.5e-129,2.5e-131,428.5,57:540,483,Bacteria
720554,AEV68203.1,GH9,2.1999999999999998e-147,8.6e-150,489.3,29:453,424,Bacteria
720554,AEV68415.1,GH9,1.9e-141,7.2e-144,469.8,40:512,472,Bacteria
720554,AEV68472.1,GH9,8.300000000000001e-133,3.2e-135,441.3,37:516,479,Bacteria
720554,AEV68577.1,GH9,5.5e-146,2.1e-148,484.8,37:458,421,Bacteria
720554,AEV68583.1,GH5_1,3.2e-63,4.1e-66,211.6,46:269,223,Bacteria
720554,AEV68583.1,GH5_1,5.5e-38,7.1e-41,128.7,271:410,139,Bacteria
720554,AEV69539.1,GH9,2.2e-145,8.5e-148,482.8,38:511,473,Bacteria
720554,AEV69564.1,GH9,5.2e-97,2e-99,323.4,313:750,437,Bacteria
720554,AEV69573.1,GH48,4.5e-287,2.3e-290,951.4,57:680,623,Bacteria
720554,AEV69573.1,GH9,2e-177,7.600000000000001e-180,588.3,733:1166,433,Bacteria
720554,AEV69768.1,GH9,1.3e-151,4.9999999999999995e-154,503.3,49:471,422,Bacteria
720554,AEV69770.1,GH9,8.199999999999999e-136,3.2e-138,451.2,33:443,410,Bacteria
720554,AEV70357.1,GH9,1.2999999999999999e-129,4.7999999999999997e-132,430.9,306:791,485,Bacteria
720554,AEV70372.1,GH5_1,3.4000000000000004e-58,4.2999999999999997e-61,195.1,46:286,240,Bacteria
720554,AEV70372.1,GH5_1,4.6e-49,5.9e-52,165.1,293:419,126,Bacteria
591197,AFH49737.1,GH9,1.1999999999999999e-75,7.4e-79,252.7,117:541,424,Bacteria
591197,AFH50281.1,GH5_25,2e-17,1.3e-20,60.8,86:293,207,Bacteria
591197,AFH50296.1,GH5_1,4.5e-18,2.8e-21,63.1,79:343,264,Bacteria
591197,AFH50299.1,GH9,7e-108,4.4000000000000006e-111,358.9,110:558,448,Bacteria
1094508,AFK85204.1,GH9,3e-06,2.1e-09,23.9,2:137,135,Bacteria
1094508,AFK85368.1,GH5_2,4.4e-95,3.1e-98,314.9,73:327,254,Bacteria
1094508,AFK87257.1,GH5_2,9.1e-94,6.4e-97,310.6,69:323,254,Bacteria
1094508,AFK87324.1,GH5_1,8.5e-07,1.5e-09,25.9,3:289,286,Bacteria
1094508,AFK87329.1,GH5_25,3.2e-26,4.5e-29,89.6,15:295,280,Bacteria
94694,AFL66263.1,GH5_1,2e-06,1.4e-09,23.7,66:267,201,Archaea
1191523,AFN73747.1,GH5_2,9.5e-26,6.7e-29,88.0,60:317,257,Bacteria
1191523,AFN73995.1,GH5_2,4.9e-102,3.3999999999999995e-105,337.7,55:291,236,Bacteria
1191523,AFN73999.1,GH9,1.1999999999999999e-113,2e-116,377.8,107:557,450,Bacteria
1191523,AFN75471.1,GH9,2.1999999999999998e-69,3.8e-72,231.9,118:498,380,Bacteria
1191523,AFN75855.1,GH5_25,6.9e-27,1.2e-29,91.7,42:336,294,Bacteria
1191523,AFN75856.1,GH9,2.7e-19,4.8e-22,66.9,301:681,380,Bacteria
1191523,AFN76067.1,GH9,3.4e-10,6e-13,36.9,424:832,408,Bacteria
717605,AGA56765.1,GH9,5.9e-100,1.1e-102,333.1,162:615,453,Bacteria
1510,AGC68873.1,GH9,1.8e-177,2e-180,588.0,30:461,431,Bacteria
1510,AGC68874.1,GH48,0.0,0.0,1057.6,39:654,615,Bacteria
1028566,AGE71770.1,GH12,5.5e-10,2.4e-13,36.4,142:214,72,Archaea
1028567,AGE74043.1,GH12,5.6e-10,2.4e-13,36.4,142:214,72,Archaea
766760,AGN36282.1,GH9,1.3e-179,6.1e-183,595.7,40:475,435,Bacteria
766760,AGN36283.1,GH48,5.9000000000000005e-210,1.4e-213,696.8,2:473,471,Bacteria
766760,AGN36284.1,GH5_4,4.7e-90,2.2e-93,299.4,69:332,263,Bacteria
766760,AGN36513.1,GH5_2,8.4e-102,6e-105,337.5,53:292,239,Bacteria
766760,AGN37700.1,GH12,5.599999999999999e-41,1.3000000000000002e-44,137.8,108:260,152,Bacteria
243274,AHD18354.1,GH5_25,2.7000000000000002e-30,2.9e-33,102.3,10:298,288,Bacteria
243274,AHD18355.1,GH5_25,9.299999999999999e-135,1e-137,445.0,33:311,278,Bacteria
243274,AHD18578.1,GH12,3e-26,3.1999999999999997e-29,88.9,103:272,169,Bacteria
243274,AHD18579.1,GH12,1.2e-27,1.3000000000000001e-30,93.4,139:307,168,Bacteria
195522,AHL22547.1,GH5_25,7.2e-17,3.2e-20,58.5,82:271,189,Archaea
1034015,AIC16068.1,GH5_25,8.6e-06,2.8e-09,22.7,25:111,86,Archaea
1343739,AIF69907.1,GH12,3.5e-18,1.8e-21,62.8,112:282,170,Archaea
126738,AJG41198.1,GH12,2.2e-26,2.4e-29,89.3,101:269,168,Bacteria
126738,AJG41199.1,GH12,1.5999999999999998e-25,1.8000000000000002e-28,86.5,103:271,168,Bacteria
1330330,AKI98197.1,GH5_25,2e-116,1e-119,384.9,13:291,278,Bacteria
1525,AKX97101.1,GH9,7.4e-07,2.8e-10,25.8,449:643,194,Bacteria
2423,AMW33355.1,GH5_25,2.6e-134,1.3e-137,443.6,55:332,277,Bacteria
1426,ANZ30852.1,GH9,2.8e-07,7.5e-11,27.7,330:481,151,Bacteria
1891280,AOL15484.1,GH12,5.2e-09,6.2e-12,33.4,162:328,166,Archaea
1891280,AOL16515.1,GH12,5e-10,6e-13,36.7,142:313,171,Archaea
1891280,AOL16553.1,GH12,5.3e-14,6.4e-17,49.6,135:298,163,Archaea
880073,APF18708.1,GH9,1.1000000000000001e-101,2.6e-105,338.9,111:561,450,Bacteria
880073,APF18720.1,GH5_25,9.999999999999999e-123,4.8e-126,406.7,46:324,278,Bacteria
880073,APF19198.1,GH5_1,2.9e-19,1.4000000000000002e-22,67.4,47:299,252,Bacteria
1833852,AQS60117.1,GH9,7.5e-07,2.5e-10,26.0,397:531,134,Bacteria
1677857,AUG56050.1,GH44,2.6000000000000004e-246,8.3e-250,815.7,26:541,515,Bacteria
1677857,AUG56471.1,GH9,1e-150,4.7e-153,500.0,32:448,416,Bacteria
1677857,AUG56624.1,GH5_1,1.2e-57,1.5e-60,193.1,47:284,237,Bacteria
1677857,AUG56624.1,GH5_1,5.7e-45,7.3e-48,151.4,292:419,127,Bacteria
1677857,AUG56787.1,GH9,1.0999999999999999e-148,4.8e-151,493.4,29:453,424,Bacteria
1677857,AUG56788.1,GH9,1.9999999999999998e-130,8.8e-133,433.2,50:531,481,Bacteria
1677857,AUG56926.1,GH9,1.3e-127,5.800000000000001e-130,423.9,40:518,478,Bacteria
1677857,AUG57322.1,GH5_1,2.3e-62,3e-65,208.5,43:266,223,Bacteria
1677857,AUG57322.1,GH5_1,4.3e-39,5.5e-42,132.1,269:407,138,Bacteria
1677857,AUG57328.1,GH9,2.1e-173,9.4e-176,574.8,30:461,431,Bacteria
1677857,AUG57358.1,GH9,9.4e-170,4.2e-172,562.7,29:462,433,Bacteria
1677857,AUG57501.1,GH9,4.8e-104,2.2e-106,346.2,854:1293,439,Bacteria
1677857,AUG57562.1,GH9,1.4e-149,6.2e-152,496.3,49:471,422,Bacteria
1677857,AUG57784.1,GH9,2.1e-146,9.5e-149,485.8,30:450,420,Bacteria
1677857,AUG57808.1,GH9,3.1e-133,1.3999999999999998e-135,442.4,39:510,471,Bacteria
1677857,AUG57819.1,GH5_4,2.8e-103,3.6e-106,342.4,64:340,276,Bacteria
1677857,AUG58129.1,GH9,9e-119,4e-121,394.8,283:775,492,Bacteria
1677857,AUG58357.1,GH5_2,3.6e-99,4.7e-102,328.4,53:293,240,Bacteria
1677857,AUG58400.1,GH9,3.7e-137,1.7e-139,455.3,33:505,472,Bacteria
1677857,AUG58665.1,GH9,4.3e-178,1.9000000000000002e-180,590.2,114:547,433,Bacteria
1677857,AUG58721.1,GH5_2,8.2e-61,9.999999999999999e-64,202.9,0:222,222,Bacteria
1677857,AUG58811.1,GH48,2.2e-277,1.3999999999999998e-280,919.1,46:669,623,Bacteria
178899,AVX21090.1,GH9,6.5e-08,2.4e-11,29.3,382:522,140,Bacteria
41673,AWR93883.1,GH12,1.7e-08,5.8e-12,32.0,134:206,72,Archaea
619593,AWR98165.1,GH12,4.3e-14,1.9e-17,49.7,126:301,175,Archaea
1293036,AWR98635.1,GH12,1.6e-08,6.8e-12,31.7,192:364,172,Archaea
2287,AZF75130.1,GH12,2.8e-15,2.2e-18,53.8,144:318,174,Archaea
2287,AZF77166.1,GH12,1.6e-18,1.2e-21,64.3,159:326,167,Archaea
1323375,AZR73456.1,GH5_2,2.6999999999999997e-25,8.9e-29,86.6,22:178,156,Bacteria
926569,BAJ62400.1,GH5_25,6e-37,5.7e-40,124.9,8:252,244,Bacteria
926569,BAJ63901.1,GH5_25,1.2e-119,1.1e-122,396.2,89:367,278,Bacteria
1555112,BAS27961.1,GH5_25,1.1e-17,3.2e-21,61.8,52:337,285,Bacteria
1294262,BBG25044.1,GH12,9.6e-09,3.4e-12,32.7,172:344,172,Archaea
1702097,BDB99994.1,GH12,2.9e-15,1.7e-18,54.1,139:306,167,Archaea
1702097,BDC00005.1,GH12,2.5e-12,1.5e-15,44.6,141:314,173,Archaea
56956,BDG17649.1,GH5_25,2.8e-15,1.1e-18,53.5,52:333,281,Bacteria
54256,BES81017.1,GH12,1e-10,4.1e-14,38.9,13:158,145,Archaea
2049879,BFH74238.1,GH12,3.6e-07,1.3e-10,27.6,162:230,68,Archaea
76633,CAG5076630.1,GH9,6.1e-100,1.1e-102,333.1,162:615,453,Bacteria
76633,CAG5089501.1,GH5_25,6.3e-20,1.6000000000000002e-23,69.4,57:363,306,Bacteria
1033806,CCQ32630.1,GH5_2,1.9e-21,3.7e-24,74.1,171:325,154,Archaea
1033806,CCQ33656.1,GH5_2,7.200000000000001e-28,1.4000000000000001e-30,95.0,75:291,216,Archaea
1033806,CCQ34230.1,GH5_2,6.3e-24,1.3e-26,82.1,144:364,220,Archaea
1033806,CCQ34231.1,GH5_2,3e-15,6e-18,53.7,296:421,125,Archaea
1033806,CCQ34232.1,GH12,1.5e-09,4.9e-13,35.5,142:295,153,Archaea
1033806,CCQ34235.1,GH5_2,7.7e-12,1.5e-14,42.6,254:374,120,Archaea
1033806,CCQ34235.1,GH5_2,7.9e-10,1.6e-12,36.0,153:241,88,Archaea
1033806,CCQ34237.1,GH5_2,7.6e-18,1.5e-20,62.2,75:337,262,Archaea
1033806,CCQ34238.1,GH9,8.1e-129,2.7e-132,427.8,61:541,480,Archaea
454171,CCW34506.1,GH44,1.5e-80,5.3e-84,268.7,201:554,353,Bacteria
454171,CCW34506.1,GH44,9.6e-12,3.4e-15,41.7,38:154,116,Bacteria
454171,CCW36053.1,GH5_1,7e-14,2.5e-17,49.1,106:369,263,Bacteria
454194,CDM67132.1,GH5_25,7.7e-37,4.8e-40,124.5,45:265,220,Bacteria
454194,CDM67132.1,GH5_25,3.4e-09,2.1e-12,33.8,274:359,85,Bacteria
1006576,CEP78490.1,GH5_2,1.6000000000000001e-87,8.6e-91,289.6,65:322,257,Bacteria
1564487,CRZ33667.1,GH5_25,7.1e-41,5.300000000000001e-44,137.5,8:248,240,Bacteria
1564487,CRZ35393.1,GH9,4.4999999999999995e-177,1.7000000000000001e-180,586.6,30:461,431,Bacteria
1564487,CRZ35394.1,GH48,0.0,0.0,1053.2,41:656,615,Bacteria
1564487,CRZ35717.1,GH5_4,1.6e-107,1.2e-110,356.0,109:385,276,Bacteria
1679721,CUH91631.1,GH9,5e-151,1.1e-153,500.6,30:452,422,Bacteria
1679721,CUH91691.1,GH5_4,5.8e-104,9.9e-107,344.2,374:645,271,Bacteria
1679721,CUH91693.1,GH5_1,8.9e-63,1.5e-65,209.5,54:279,225,Bacteria
1679721,CUH91791.1,GH5_1,9.8e-114,1.7e-116,376.8,190:531,341,Bacteria
1679721,CUH91792.1,GH5_2,4.4e-104,7.499999999999999e-107,344.1,52:291,239,Bacteria
1679721,CUH92781.1,GH9,3.4e-176,7.1e-179,583.6,31:462,431,Bacteria
1679721,CUH92782.1,GH48,0.0,0.0,1047.9,41:656,615,Bacteria
1679721,CUH93289.1,GH5_25,4e-40,8.399999999999999e-43,134.9,8:245,237,Bacteria
1679721,CUH93326.1,GH9,2.1000000000000002e-126,4.3999999999999994e-129,419.5,302:788,486,Bacteria
1679721,CUH93327.1,GH48,0.0,0.0,1025.1,37:652,615,Bacteria
1679721,CUH93330.1,GH9,1.1999999999999999e-150,2.5e-153,499.4,48:470,422,Bacteria
1679721,CUH93427.1,GH9,9.899999999999999e-139,2.1e-141,460.1,43:516,473,Bacteria
246969,EEB73138.1,GH5_25,3.9e-17,1.7e-20,59.4,81:307,226,Archaea
246969,EEB73588.2,GH12,2.1e-22,9.5e-26,76.6,125:283,158,Archaea
209285,EGS18038.1,GH45,3.3e-92,9.2e-96,306.9,24:226,202,Eukaryota
209285,EGS18473.1,GH6,5.1e-131,2.1000000000000001e-134,435.3,132:442,310,Eukaryota
209285,EGS18763.1,GH7,6.8e-193,3.8e-196,639.8,17:452,435,Eukaryota
209285,EGS18971.1,GH5_5,3.1e-112,2.2e-115,372.8,93:370,277,Eukaryota
209285,EGS19001.1,GH5_1,3e-46,1.3e-49,156.8,76:390,314,Eukaryota
209285,EGS19718.1,GH6,2.5e-99,1e-102,331.3,51:361,310,Eukaryota
209285,EGS20023.1,GH6,1.1999999999999999e-115,5.1e-119,384.8,60:363,303,Eukaryota
209285,EGS20050.1,GH45,8.8e-89,2.5e-92,295.7,23:220,197,Eukaryota
209285,EGS20074.1,GH7,2.3e-153,1.3e-156,509.5,17:414,397,Eukaryota
209285,EGS20370.1,GH12,1.3e-16,1.8e-20,59.6,118:268,150,Eukaryota
209285,EGS20928.1,GH5_5,7.899999999999999e-24,5.5e-27,82.9,0:99,99,Eukaryota
209285,EGS21251.1,GH7,2e-211,1.1e-214,700.8,19:453,434,Eukaryota
209285,EGS22494.1,GH5_5,1.6e-37,1.1e-40,127.8,129:251,122,Eukaryota
209285,EGS22518.1,GH5_5,9.3e-13,6.5e-16,46.6,195:303,108,Eukaryota
209285,EGS24065.1,GH7,4.8e-189,2.7e-192,627.1,23:450,427,Eukaryota
108007,EHM10884.1,GH5_25,1.9e-08,1.1e-11,30.5,210:369,159,Bacteria
368624,EMA59581.1,GH5_25,2e-07,6.2e-11,28.1,123:275,152,Archaea
29372,ENZ03507.1,GH5_25,2.6e-06,1.6e-09,24.4,48:187,139,Bacteria
1304284,EOC99482.1,GH9,1.4e-08,5.2e-12,31.5,385:598,213,Bacteria
57732,EOT56837.1,GH5_25,2.2e-06,1.8e-09,24.2,47:184,137,Bacteria
237684,GAA0503070.1,GH9,5.8e-07,1.6e-10,26.6,377:581,204,Bacteria
89367,GAA0523656.1,GH5_1,2.3e-09,4.6e-13,35.1,8:107,99,Bacteria
364901,GAA3896681.1,GH6,2.5e-41,1.2e-44,140.6,193:482,289,Bacteria
364901,GAA3904870.1,GH5_2,3.4e-85,2.2e-88,283.7,170:414,244,Bacteria
364901,GAA3904881.1,GH9,7.5e-119,1.2000000000000001e-122,396.0,272:740,468,Bacteria
364901,GAA3905559.1,GH6,5.1e-64,2.5000000000000003e-67,215.1,180:468,288,Bacteria
364901,GAA3905568.1,GH5_5,2.1e-10,2.1e-13,38.7,175:332,157,Bacteria
364901,GAA3905578.1,GH48,1.2e-282,1.8999999999999999e-286,937.5,346:974,628,Bacteria
364901,GAA3919708.1,GH5_1,6.6e-23,4.3e-26,79.9,43:296,253,Bacteria
364901,GAA3930457.1,GH6,1.7e-54,8.5e-58,183.8,58:322,264,Bacteria
364901,GAA3940599.1,GH5_4,1.8e-06,1.2e-09,25.9,66:142,76,Bacteria
364901,GAA3940599.1,GH5_1,4.6e-06,3e-09,24.6,173:369,196,Bacteria
547461,GAA4133577.1,GH12,1.5e-36,2.3e-40,124.0,100:247,147,Bacteria
547461,GAA4135145.1,GH6,2e-64,9.4e-68,216.5,166:447,281,Bacteria
547461,GAA4135145.1,GH6,4.6e-16,2.2e-19,57.7,451:514,63,Bacteria
547461,GAA4135160.1,GH48,1.1000000000000001e-274,1.7e-278,911.2,341:975,634,Bacteria
547461,GAA4141977.1,GH6,6.8e-56,3.2000000000000003e-59,188.4,69:388,319,Bacteria
547461,GAA4148641.1,GH5_1,1.4e-18,6.5e-22,65.7,45:295,250,Bacteria
547461,GAA4151262.1,GH5_1,2.3e-110,1.1e-113,367.1,47:380,333,Bacteria
547461,GAA4152253.1,GH5_2,2.9999999999999997e-71,1.4000000000000001e-74,238.1,94:337,243,Bacteria
547461,GAA4153374.1,GH6,2.8999999999999996e-55,1.4e-58,186.4,61:320,259,Bacteria
768534,GAA4515356.1,GH9,2.8e-56,2.1e-59,188.7,116:574,458,Bacteria
229919,GAP06885.1,GH5_25,1.2e-125,1.3e-128,416.1,82:361,279,Bacteria
229919,GAP06900.1,GH5_25,9.9e-25,1.1000000000000001e-27,85.0,9:297,288,Bacteria
229919,GAP08045.1,GH9,1.7e-23,4.5e-27,81.1,333:753,420,Bacteria
229919,GAP08306.1,GH5_25,1.7e-34,1.9e-37,117.0,8:227,219,Bacteria
229919,GAP08306.1,GH5_25,5.6e-08,6.1e-11,30.1,237:323,86,Bacteria
644383,GCE48755.1,GH5_4,1.4e-08,4.5e-12,32.8,85:214,129,Bacteria
644383,GCE50102.1,GH5_1,8.799999999999999e-120,2.8000000000000002e-123,398.1,49:368,319,Bacteria
644383,GCE50103.1,GH6,4.5999999999999996e-69,7.3e-73,231.7,207:495,288,Bacteria
644383,GCE50103.1,GH6,1.7e-15,2.6e-19,55.8,507:566,59,Bacteria
644383,GCE50128.1,GH48,1.4e-276,2.1999999999999999e-280,917.4,46:671,625,Bacteria
644383,GCE50334.1,GH12,9.599999999999999e-41,2.9999999999999997e-44,137.6,111:258,147,Bacteria
644383,GCE50518.1,GH12,1.4e-15,4.3e-19,56.0,117:278,161,Bacteria
644383,GCE51262.1,GH9,4.6e-171,7.299999999999999e-175,568.1,40:475,435,Bacteria
227924,GEM90599.1,GH5_25,4.2e-08,1.8e-11,29.8,0:149,149,Bacteria
1003997,GGJ00382.1,GH9,3.2e-104,1.2999999999999999e-107,346.5,94:556,462,Bacteria
1003997,GGJ00652.1,GH5_25,6.8e-24,2.7000000000000002e-27,81.7,12:302,290,Bacteria
373054,GGK07858.1,GH9,5.3e-06,2.2e-09,22.8,403:596,193,Bacteria
62609,GGP19934.1,GH12,2.8e-09,1.4e-12,33.9,162:326,164,Archaea
1670455,GGT89437.1,GH5_2,3.2e-07,2.8e-10,27.1,328:482,154,Archaea
1670455,GGT92508.1,GH12,3.9e-06,3.5e-09,24.0,332:426,94,Archaea
1670455,GGT94270.1,GH12,2.4e-08,2.1e-11,31.1,147:316,169,Archaea
185696,GHE77751.1,GH12,7.100000000000001e-22,9.4e-26,76.7,88:230,142,Bacteria
89784,GLG00475.1,GH9,1.4e-110,4.9e-114,367.7,89:532,443,Bacteria
89784,GLG01768.1,GH5_25,5.7e-20,4.0000000000000004e-23,69.0,0:89,89,Bacteria
89784,GLG01768.1,GH5_25,9.2e-08,6.4e-11,29.0,113:183,70,Bacteria
89784,GLG01769.1,GH5_1,3.4e-06,2.4e-09,23.9,4:132,128,Bacteria
5763,KAF0976663.1,GH5_1,9.2e-06,1.3e-09,24.7,59:149,90,Eukaryota
176598,KAF1690705.1,GH9,1.3e-19,1e-22,67.8,357:811,454,Bacteria
176598,KAF1690986.1,GH9,7e-103,5.2e-106,342.2,120:571,451,Bacteria
28565,KAL1972720.1,GH5_25,1.1e-16,4.4e-20,59.6,66:336,270,Eukaryota
28565,KAL1977055.1,GH5_1,1.2e-06,6.6e-10,26.7,72:328,256,Eukaryota
28565,KAL1977890.1,GH9,2.5e-07,3.3e-11,28.9,543:682,139,Eukaryota
28565,KAL1978348.1,GH12,6.2e-20,1.6000000000000002e-23,70.4,154:328,174,Eukaryota
5541,KAL1990883.1,GH12,1e-19,2.5e-23,69.8,154:328,174,Eukaryota
5541,KAL1992413.1,GH5_1,1.3e-10,1.1e-13,39.9,67:338,271,Eukaryota
5541,KAL1994416.1,GH9,2e-07,2.5e-11,29.3,458:597,139,Eukaryota
5541,KAL1995946.1,GH5_25,3.8e-17,1.4e-20,61.3,68:335,267,Eukaryota
5088,KAL2007894.1,GH5_1,2.2e-08,1.1e-11,32.9,81:288,207,Eukaryota
5088,KAL2008531.1,GH5_1,4.2999999999999996e-46,2.1e-49,156.8,108:430,322,Eukaryota
5088,KAL2010278.1,GH7,1.6000000000000002e-213,1.4999999999999998e-217,708.3,19:456,437,Eukaryota
5088,KAL2013012.1,GH5_1,5.1e-10,2.4e-13,38.3,79:327,248,Eukaryota
5088,KAL2013241.1,GH5_5,3.5999999999999996e-120,1e-123,399.4,36:314,278,Eukaryota
85995,KAL2115191.1,GH5_1,4.2e-13,2.3e-16,48.5,119:379,260,Eukaryota
85995,KAL2115339.1,GH7,4.3e-152,1.9e-155,505.9,20:419,399,Eukaryota
85995,KAL2115394.1,GH45,4.5e-89,8.2e-93,297.3,23:221,198,Eukaryota
85995,KAL2115474.1,GH6,6.5e-116,2.4e-119,386.3,54:357,303,Eukaryota
85995,KAL2115923.1,GH7,5.8e-95,2.7000000000000002e-98,317.7,19:329,310,Eukaryota
85995,KAL2116235.1,GH7,2.7e-187,1.2e-190,621.9,23:450,427,Eukaryota
85995,KAL2118733.1,GH6,2e-103,7.499999999999999e-107,345.3,51:359,308,Eukaryota
85995,KAL2119084.1,GH7,2.9e-124,1.3e-127,414.2,338:782,444,Eukaryota
85995,KAL2120063.1,GH6,4.5e-126,1.5999999999999998e-129,419.7,131:442,311,Eukaryota
85995,KAL2120210.1,GH6,4.6e-95,1.7e-98,317.8,46:352,306,Eukaryota
85995,KAL2120298.1,GH7,1.1e-209,5e-213,695.7,19:453,434,Eukaryota
85995,KAL2122790.1,GH45,3.5000000000000004e-89,6.3e-93,297.7,22:222,200,Eukaryota
85995,KAL2123475.1,GH12,7.5e-11,1.4e-14,41.4,131:271,140,Eukaryota
85995,KAL2123865.1,GH5_1,1.1e-11,5.9e-15,43.9,105:375,270,Eukaryota
85995,KAL2124897.1,GH5_5,1.4999999999999999e-114,5.600000000000001e-118,381.0,87:365,278,Eukaryota
85995,KAL2125380.1,GH5_1,6.8e-50,3.7e-53,169.3,67:380,313,Eukaryota
85995,KAL2125734.1,GH12,2.9e-40,5.400000000000001e-44,136.8,103:253,150,Eukaryota
72144,KAL2264859.1,GH7,1e-135,5.4e-139,451.4,18:436,418,Eukaryota
72144,KAL2264972.1,GH6,2.5e-118,1.3e-121,393.7,52:355,303,Eukaryota
72144,KAL2265020.1,GH7,9.4e-152,5e-155,504.3,20:417,397,Eukaryota
72144,KAL2265053.1,GH45,7.8e-91,2e-94,302.5,23:220,197,Eukaryota
72144,KAL2265093.1,GH7,2.4e-185,1.3e-188,615.0,23:450,427,Eukaryota
72144,KAL2265901.1,GH6,1.8e-125,9.7e-129,417.1,129:440,311,Eukaryota
72144,KAL2267797.1,GH7,2.6000000000000004e-209,1.4e-212,693.9,19:453,434,Eukaryota
72144,KAL2267914.1,GH6,2.5e-95,1.3e-98,318.2,46:353,307,Eukaryota
72144,KAL2268040.1,GH5_1,2.2e-16,1.2e-19,58.7,112:380,268,Eukaryota
72144,KAL2269246.1,GH6,3e-102,1.6e-105,340.9,51:358,307,Eukaryota
72144,KAL2270037.1,GH45,8e-90,2.1e-93,299.2,22:222,200,Eukaryota
72144,KAL2270269.1,GH12,1.4999999999999999e-40,2e-44,137.2,104:257,153,Eukaryota
72144,KAL2270896.1,GH5_1,3.9e-50,2e-53,169.6,66:380,314,Eukaryota
72144,KAL2271410.1,GH5_5,3.9e-113,2e-116,375.9,92:370,278,Eukaryota
72144,KAL2271905.1,GH5_1,4.7e-11,2.5e-14,41.3,118:389,271,Eukaryota
68825,KKA17010.1,GH5_4,5.4e-66,5.5e-69,221.7,114:384,270,Eukaryota
68825,KKA17510.1,GH5_1,6.100000000000001e-48,4.4e-51,162.8,100:422,322,Eukaryota
68825,KKA18928.1,GH9,2.8e-06,2.8e-10,25.8,462:604,142,Eukaryota
68825,KKA19681.1,GH5_5,4.3e-121,2.2000000000000003e-124,402.3,34:312,278,Eukaryota
68825,KKA20841.1,GH5_1,2.3e-11,1.6e-14,42.7,69:289,220,Eukaryota
68825,KKA20991.1,GH7,3.1000000000000005e-213,6.399999999999999e-217,707.2,19:453,434,Eukaryota
68825,KKA21438.1,GH12,5.6e-42,5.6999999999999995e-46,142.2,100:249,149,Eukaryota
68825,KKA22027.1,GH5_25,1.6e-14,1.3e-17,53.0,57:338,281,Eukaryota
68825,KKA22296.1,GH7,3.6e-154,7.4e-158,512.6,17:413,396,Eukaryota
68825,KKA22890.1,GH45,3.8e-60,3.8e-64,202.7,22:221,199,Eukaryota
68825,KKA23484.1,GH5_1,5.8e-14,4.1e-17,51.2,102:369,267,Eukaryota
68825,KKA23812.1,GH6,6.4e-133,6.5e-137,442.0,116:425,309,Eukaryota
68825,KKA24880.1,GH5_1,4e-06,2.9e-09,25.4,78:385,307,Eukaryota
35825,KNY25033.1,GH9,3.1999999999999996e-129,2.3e-131,430.1,37:516,479,Bacteria
35825,KNY25129.1,GH5_1,5.7e-101,9.8e-104,336.2,30:364,334,Bacteria
35825,KNY25228.1,GH9,2.4e-131,1.7000000000000002e-133,437.1,58:537,479,Bacteria
35825,KNY25262.1,GH9,1.3000000000000002e-145,9.4e-148,484.1,29:451,422,Bacteria
35825,KNY25263.1,GH9,1.3e-127,9e-130,424.8,64:542,478,Bacteria
35825,KNY25264.1,GH9,1.3999999999999998e-127,9.500000000000001e-130,424.7,58:541,483,Bacteria
35825,KNY25265.1,GH9,2e-150,1.4e-152,500.0,34:456,422,Bacteria
35825,KNY25463.1,GH5_4,1.2999999999999999e-107,1.3000000000000001e-110,357.5,63:339,276,Bacteria
35825,KNY25560.1,GH9,1.4999999999999998e-147,1e-149,490.5,30:452,422,Bacteria
35825,KNY25621.1,GH9,2e-96,1.4000000000000001e-98,322.1,40:360,320,Bacteria
35825,KNY25635.1,GH48,3.1e-253,1.6e-256,840.2,41:668,627,Bacteria
35825,KNY25649.1,GH9,2e-106,1.4e-108,355.0,368:813,445,Bacteria
35825,KNY25731.1,GH5_1,6.6e-113,1.1e-115,375.4,54:398,344,Bacteria
35825,KNY25732.1,GH9,9.7e-168,6.8e-170,557.0,35:469,434,Bacteria
35825,KNY25842.1,GH9,3.6e-17,2.5e-19,60.9,0:96,96,Bacteria
35825,KNY25843.1,GH9,5.3000000000000003e-73,3.6999999999999997e-75,244.9,289:622,333,Bacteria
35825,KNY25939.1,GH9,3.8e-106,2.6000000000000002e-108,354.1,303:732,429,Bacteria
35825,KNY26018.1,GH9,1.1e-132,7.4e-135,441.6,37:511,474,Bacteria
35825,KNY26068.1,GH9,5.899999999999999e-173,4.1e-175,574.2,36:467,431,Bacteria
35825,KNY26223.1,GH9,1.0999999999999998e-171,7.3e-174,570.1,39:472,433,Bacteria
35825,KNY26233.1,GH5_1,7.1e-60,1.2e-62,201.2,45:268,223,Bacteria
35825,KNY26233.1,GH5_1,2.4e-38,4e-41,130.5,270:409,139,Bacteria
35825,KNY26485.1,GH44,7.3e-250,2.5000000000000002e-253,828.4,28:537,509,Bacteria
35825,KNY26506.1,GH48,1.6e-146,8.3e-150,487.8,0:573,573,Bacteria
35825,KNY26550.1,GH44,5.3e-237,1.8e-240,785.9,32:554,522,Bacteria
35825,KNY26551.1,GH9,2.6e-128,1.8e-130,427.1,42:462,420,Bacteria
35825,KNY26631.1,GH9,2.9e-128,1.9999999999999998e-130,427.0,33:442,409,Bacteria
35825,KNY26685.1,GH9,2.0999999999999997e-139,1.5e-141,463.6,29:482,453,Bacteria
35825,KNY26737.1,GH9,5.1e-141,3.5e-143,469.0,36:458,422,Bacteria
35825,KNY26805.1,GH9,1.2e-06,8.4e-09,26.2,316:559,243,Bacteria
35825,KNY27223.1,GH5_1,1e-12,1.7e-15,46.4,39:290,251,Bacteria
35825,KNY27224.1,GH5_1,2.3e-14,3.9e-17,51.8,526:778,252,Bacteria
35825,KNY27224.1,GH5_2,1.5e-12,1.3e-15,45.9,42:278,236,Bacteria
35825,KNY27286.1,GH9,1.0999999999999999e-120,7.6e-123,402.0,281:762,481,Bacteria
35825,KNY27461.1,GH9,9.6e-109,6.7e-111,362.6,299:784,485,Bacteria
35825,KNY27462.1,GH9,1.1e-98,7.8e-101,329.5,305:790,485,Bacteria
35825,KNY27463.1,GH9,1.3e-11,9e-14,42.6,0:79,79,Bacteria
35825,KNY27464.1,GH9,2.0000000000000001e-88,1.4e-90,295.7,282:687,405,Bacteria
35825,KNY27482.1,GH48,1.0999999999999998e-251,5.5e-255,835.1,42:671,629,Bacteria
35825,KNY27552.1,GH9,3.6e-144,2.5000000000000002e-146,479.3,29:450,421,Bacteria
35825,KNY28339.1,GH9,7.9e-101,5.5e-103,336.5,281:771,490,Bacteria
35825,KNY28340.1,GH9,2.8000000000000002e-98,2e-100,328.2,280:764,484,Bacteria
35825,KNY28341.1,GH9,1.1e-103,7.5e-106,346.0,280:767,487,Bacteria
35825,KNY28342.1,GH9,6.6000000000000005e-111,4.6e-113,369.8,281:767,486,Bacteria
35825,KNY28343.1,GH9,1.3e-81,9.2e-84,273.2,0:369,369,Bacteria
35825,KNY28344.1,GH9,8.9e-17,6.2e-19,59.6,279:378,99,Bacteria
35825,KNY28539.1,GH9,3.5e-163,2.5000000000000004e-165,542.0,24:456,432,Bacteria
35825,KNY28560.1,GH9,4.9999999999999997e-116,3.5000000000000003e-118,386.6,280:765,485,Bacteria
35825,KNY28669.1,GH5_1,6.4e-56,1.1e-58,188.2,47:285,238,Bacteria
35825,KNY28669.1,GH5_1,3.4e-46,5.6999999999999996e-49,156.3,293:421,128,Bacteria
35825,KNY28737.1,GH9,5.6e-176,3.9e-178,584.2,101:532,431,Bacteria
35825,KNY28917.1,GH5_1,3.1e-110,5.2e-113,366.6,233:574,341,Bacteria
35825,KNY29224.1,GH5_25,7e-38,1.2e-40,128.8,8:238,230,Bacteria
35825,KNY29444.1,GH9,6.9e-100,4.8e-102,333.5,314:749,435,Bacteria
35825,KNY29859.1,GH9,1.2e-76,8.2e-79,256.9,315:748,433,Bacteria
35825,KNY29912.1,GH9,4.2e-148,2.9e-150,492.3,49:471,422,Bacteria
35825,KNY29939.1,GH9,1.7e-78,1.2000000000000001e-80,263.0,279:763,484,Bacteria
35825,KNY30231.1,GH5_2,1.4000000000000001e-98,1.2e-101,327.4,55:293,238,Bacteria
35825,KNY30307.1,GH9,7.3e-103,5.099999999999999e-105,343.3,279:762,483,Bacteria
872965,KPL88393.1,GH9,4.2e-170,1.5999999999999998e-173,563.6,36:473,437,Bacteria
872965,KPL88683.1,GH5_1,9.5e-119,1.0999999999999999e-121,393.4,38:362,324,Bacteria
872965,KPL89124.1,GH5_2,1.4e-06,1.1e-09,25.1,231:470,239,Bacteria
575178,MBA2872297.1,GH9,9.9e-07,2.8e-10,25.8,385:541,156,Bacteria
1411118,MBA9001589.1,GH5_25,8.7e-20,5e-23,69.7,67:336,269,Bacteria
1411118,MBA9001602.1,GH5_1,2.1000000000000002e-119,9.100000000000001e-123,397.0,38:352,314,Bacteria
1411118,MBA9001608.1,GH48,1.5e-269,2.2000000000000002e-273,894.3,336:970,634,Bacteria
1411118,MBA9001610.1,GH6,4.2e-65,1.2e-68,218.8,182:464,282,Bacteria
1411118,MBA9001610.1,GH6,2.8e-17,8e-21,61.8,473:531,58,Bacteria
1411118,MBA9004146.1,GH12,4.8e-34,7e-38,116.0,107:255,148,Bacteria
1411118,MBA9004582.1,GH6,1.1e-57,3.1e-61,194.5,54:375,321,Bacteria
1411118,MBA9005569.1,GH5_1,3e-20,1.3e-23,71.3,35:288,253,Bacteria
1485586,MBB0229008.1,GH6,2.3999999999999998e-54,1.8e-57,183.1,59:325,266,Bacteria
1485586,MBB0230075.1,GH6,3.2e-54,2.4e-57,182.7,85:393,308,Bacteria
1485586,MBB0230235.1,GH48,9.1e-290,1.7e-293,960.7,265:893,628,Bacteria
1485586,MBB0230236.1,GH6,7.4999999999999994e-62,5.7e-65,207.7,212:502,290,Bacteria
1485586,MBB0230236.1,GH6,8.3e-18,6.3e-21,63.1,505:569,64,Bacteria
1485586,MBB0230886.1,GH9,3.3e-120,1.9e-123,400.3,269:739,470,Bacteria
1485586,MBB0232052.1,GH9,2.4e-66,1.2999999999999998e-69,222.8,132:589,457,Bacteria
1485586,MBB0232309.1,GH5_4,1.4e-81,5.5e-85,271.9,74:354,280,Bacteria
1485586,MBB0232344.1,GH6,2.5e-54,1.9000000000000002e-57,183.0,108:373,265,Bacteria
1485586,MBB0232729.1,GH5_1,2.7e-23,9.999999999999999e-27,80.9,45:298,253,Bacteria
1562603,MBB3059801.1,GH6,1.4e-48,9.2e-52,164.0,37:304,267,Bacteria
1562603,MBB3060016.1,GH9,1.3e-49,1.1e-52,167.5,183:676,493,Bacteria
1562603,MBB3060017.1,GH9,1.3000000000000001e-48,1.1e-51,164.2,252:742,490,Bacteria
1562603,MBB3061762.1,GH6,4.0000000000000005e-49,2.6e-52,165.7,35:302,267,Bacteria
1562603,MBB3061773.1,GH5_2,1.5e-99,2.9e-102,330.2,44:285,241,Bacteria
1562603,MBB3061774.1,GH5_1,1.4999999999999999e-109,2.7e-112,364.0,37:377,340,Bacteria
1562603,MBB3061775.1,GH9,4.3000000000000005e-161,3.800000000000001e-164,534.7,23:461,438,Bacteria
1562603,MBB3061779.1,GH5_1,1.4e-18,2.5e-21,65.2,30:284,254,Bacteria
1562603,MBB3061780.1,GH6,4.8e-64,3.2e-67,214.7,184:466,282,Bacteria
1562603,MBB3061780.1,GH6,1.2e-15,8.1e-19,55.8,472:532,60,Bacteria
1562603,MBB3061785.1,GH5_1,6.2e-20,1.1e-22,69.7,306:461,155,Bacteria
1562603,MBB3061785.1,GH5_1,3.5e-12,6.2e-15,44.2,477:564,87,Bacteria
1562603,MBB3061785.1,GH5_1,2.7e-07,4.8e-10,28.2,184:279,95,Bacteria
1562603,MBB3061788.1,GH5_4,9e-62,1.4e-64,206.8,201:408,207,Bacteria
1562603,MBB3061789.1,GH5_5,1.8e-100,2.7e-103,333.6,1:286,285,Bacteria
1562603,MBB3061791.1,GH5_4,7.1e-72,1.1e-74,239.9,253:552,299,Bacteria
1562603,MBB3062392.1,GH9,1.1e-94,9.4e-98,316.0,51:507,456,Bacteria
1562603,MBB3062478.1,GH5_25,3.3e-08,5.8e-11,31.1,128:357,229,Bacteria
1562603,MBB3062737.1,GH5_4,7.799999999999999e-46,1.2e-48,154.5,33:247,214,Bacteria
311460,MBB3905859.1,GH5_25,6.5e-23,1.8e-26,79.1,56:359,303,Bacteria
1073253,MBB5131105.1,GH5_25,1.6e-18,1.1e-21,66.1,61:337,276,Bacteria
1073253,MBB5132691.1,GH9,2.7e-120,7.900000000000001e-124,401.5,277:739,462,Bacteria
1073253,MBB5133782.1,GH5_25,4.7e-14,3.2e-17,51.5,50:349,299,Bacteria
1073253,MBB5134243.1,GH5_1,4.3e-18,2.5e-21,64.8,31:291,260,Bacteria
1073253,MBB5134244.1,GH48,1.3e-258,2.5e-262,858.8,357:999,642,Bacteria
1073253,MBB5135258.1,GH6,1.4999999999999998e-68,4.3e-72,230.7,377:661,284,Bacteria
1073253,MBB5135258.1,GH6,5.2e-17,1.5e-20,61.4,662:728,66,Bacteria
1073253,MBB5135738.1,GH5_2,1.1e-82,6.1e-86,276.2,157:401,244,Bacteria
1073253,MBB5135887.1,GH6,2.1e-65,6e-69,220.4,40:305,265,Bacteria
1073253,MBB5137133.1,GH5_25,1.4e-17,9.3e-21,63.1,78:335,257,Bacteria
1073253,MBB5138800.1,GH5_1,1.2000000000000001e-106,7.2e-110,355.6,53:389,336,Bacteria
1073253,MBB5138801.1,GH48,1.5999999999999999e-291,3.2e-295,967.4,357:978,621,Bacteria
1073253,MBB5138802.1,GH9,1.6000000000000002e-170,4.7e-174,567.0,32:467,435,Bacteria
1073253,MBB5138921.1,GH9,5.9e-46,1.6999999999999998e-49,156.6,127:581,454,Bacteria
1073253,MBB5140165.1,GH6,3.6e-45,1e-48,153.9,376:671,295,Bacteria
74386,MBB6512495.1,GH5_4,1.5999999999999999e-83,4.900000000000001e-87,277.7,59:338,279,Bacteria
1490290,MBH8591973.1,GH5_25,8.2e-16,2.1e-19,55.8,89:357,268,Bacteria
706427,MBM7556745.1,GH5_2,8.7e-51,5.7e-54,170.1,0:117,117,Bacteria
1494606,MBM7624901.1,GH9,9e-07,3.4e-10,25.5,378:597,219,Bacteria
1469162,MBM7647051.1,GH9,9.9e-09,3e-12,32.3,318:532,214,Bacteria
1702242,MBP2071438.1,GH5_1,6.4e-06,6.4e-09,23.1,3:187,184,Bacteria
1702242,MBP2071443.1,GH5_25,3.9e-26,5.3e-29,89.3,15:295,280,Bacteria
1204385,MCC9074586.1,GH5_1,1.1999999999999999e-115,2.6e-119,384.1,283:598,315,Bacteria
699281,MCM8899918.1,GH9,3.7e-06,3.1e-09,23.3,379:527,148,Bacteria
699281,MCM8901046.1,GH9,1.1e-123,9e-127,410.6,239:683,444,Bacteria
699281,MCM8901046.1,GH5_25,2.2999999999999997e-24,1e-27,83.1,20:112,92,Bacteria
1571184,MDR6224959.1,GH5_2,5e-83,1.4e-86,275.8,133:379,246,Bacteria
1485204,MFC4075870.1,GH5_25,8.7e-15,2.7e-18,52.2,188:357,169,Bacteria
110101,MFC7442781.1,GH5_25,2.6e-16,6.6e-20,57.5,93:358,265,Bacteria
1661150,MFD1673830.1,GH12,2.9e-16,5.5e-20,58.0,107:244,137,Bacteria
1661150,MFD1678098.1,GH44,1e-73,2e-77,247.1,205:604,399,Bacteria
1661150,MFD1678098.1,GH44,6.3e-11,1.2e-14,39.9,34:156,122,Bacteria
545502,MGF7013116.1,GH9,4.8e-07,1.3e-10,26.9,398:577,179,Bacteria
33950,MGJ7044304.1,GH9,8.6e-06,3.6e-09,22.2,19:156,137,Bacteria
12915,MUM65651.1,GH12,1.9e-09,8.1e-13,34.7,133:302,169,Archaea
47303,MUN29067.1,GH12,7.1e-09,3.2e-12,32.8,170:343,173,Archaea
1324935,NGO38408.1,GH5_25,5e-28,1.2000000000000001e-30,95.5,43:328,285,Bacteria
1324935,NGO38663.1,GH5_25,3.5000000000000004e-28,8.7e-31,96.0,59:258,199,Bacteria
1324935,NGO38663.1,GH5_25,2.7e-09,6.6e-12,34.0,274:356,82,Bacteria
1324935,NGO38857.1,GH5_1,8.9e-12,1.9e-14,42.2,69:352,283,Bacteria
1324935,NGO39527.1,GH5_25,1.5e-27,3.8e-30,93.9,266:507,241,Bacteria
1324935,NGO39974.1,GH5_25,1.2999999999999999e-96,3.3e-99,320.4,33:308,275,Bacteria
688066,OAA29162.1,GH9,6.8e-06,3.6e-09,22.2,62:294,232,Bacteria
425468,ORA20077.1,GH6,1.1e-63,2e-67,213.8,55:318,263,Bacteria
253108,OVE83593.1,GH5_2,7.5e-15,1e-17,52.7,186:355,169,Archaea
253108,OVE83623.1,GH5_2,5.8e-20,7.9e-23,69.4,205:384,179,Archaea
253108,OVE83624.1,GH5_2,1.7e-06,2.4e-09,25.3,356:439,83,Archaea
253108,OVE83627.1,GH5_2,3.7e-09,5.1e-12,34.1,293:406,113,Archaea
253108,OVE86287.1,GH9,5.5e-77,1.5e-80,257.3,139:635,496,Archaea
253108,OVE86289.1,GH12,4.9e-08,2.6e-11,30.8,146:295,149,Archaea
883812,OXB91748.1,GH9,2.7e-06,7.6e-10,24.4,322:481,159,Bacteria
1642702,OYD07033.1,GH5_1,1.6e-17,9e-21,61.4,42:293,251,Bacteria
1383067,PHJ39622.1,GH9,1.6e-07,4.7e-11,28.3,394:598,204,Bacteria
156203,PNR98600.1,GH5_2,3.5e-93,1.7999999999999998e-96,308.1,61:309,248,Bacteria
204046,PNS01287.1,GH5_2,1.3e-92,6.399999999999999e-96,306.3,61:309,248,Bacteria
28237,PNS01449.1,GH5_2,5e-93,5.1e-96,307.7,61:309,248,Bacteria
301141,POZ93100.1,GH5_2,3.9e-93,3.1999999999999997e-96,308.3,61:309,248,Bacteria
1378066,PPS39583.1,GH5_2,5.399999999999999e-31,4.9000000000000005e-34,105.8,55:321,266,Bacteria
1378066,PPS41468.1,GH5_1,1.1000000000000001e-110,9.8e-114,367.7,100:418,318,Bacteria
1378066,PPS43414.1,GH5_25,1.5e-26,1.7e-29,91.3,49:288,239,Bacteria
1378066,PPS44720.1,GH5_2,6.6e-39,5.9e-42,131.7,49:295,246,Bacteria
1378066,PPS45539.1,GH5_25,4.6e-29,5.200000000000001e-32,99.5,10:228,218,Bacteria
1378066,PPS45539.1,GH5_25,5.9e-09,6.7e-12,33.5,240:326,86,Bacteria
58112,PRX00792.1,GH5_1,4.7e-18,2.4e-21,63.9,41:294,253,Bacteria
58112,PRX01979.1,GH6,3.1000000000000003e-57,1.6e-60,192.7,60:319,259,Bacteria
58112,PRX02959.1,GH5_2,6.200000000000001e-73,3.2e-76,243.5,58:301,243,Bacteria
58112,PRX06196.1,GH6,8.5e-58,4.4e-61,194.6,78:398,320,Bacteria
58112,PRX06239.1,GH48,2.1000000000000002e-277,3.4999999999999996e-281,920.1,341:975,634,Bacteria
58112,PRX06242.1,GH6,6.6e-65,3.3999999999999998e-68,217.9,170:452,282,Bacteria
58112,PRX06242.1,GH6,4.8e-17,2.4e-20,60.8,456:519,63,Bacteria
1485585,PSL03430.1,GH5_25,8.1e-18,2e-21,62.5,41:349,308,Bacteria
1485585,PSL03777.1,GH9,2.5e-63,6.1e-67,212.5,116:590,474,Bacteria
515440,PWJ95895.1,GH5_2,6.2e-08,2.3e-11,29.6,575:655,80,Bacteria
1004304,PZX64826.1,GH9,1.4999999999999998e-91,5.3e-95,305.0,113:570,457,Bacteria
310769,QAV33433.1,GH5_25,2e-133,9.9e-137,440.7,55:332,277,Bacteria
1424653,QCI29200.1,GH5_25,7.999999999999999e-26,4.1e-29,87.7,37:304,267,Bacteria
186497,QEK78526.1,GH12,4.2e-26,2.1e-29,88.5,147:307,160,Archaea
41675,QGR19734.1,GH12,4.7e-09,2.3e-12,33.3,158:328,170,Archaea
2283,QGR21384.1,GH12,3.6e-08,1.5e-11,30.6,94:167,73,Archaea
1532350,QKR00833.1,GH12,5.6e-10,2.6e-13,36.3,165:335,170,Archaea
869889,QLH77149.1,GH5_2,1.4000000000000002e-22,1.9999999999999998e-25,78.2,144:365,221,Archaea
869889,QLH77150.1,GH5_2,2.7e-09,3.8e-12,34.7,299:421,122,Archaea
869889,QLH77151.1,GH12,2.4e-08,5.6e-12,32.0,147:301,154,Archaea
869889,QLH77152.1,GH5_2,1.3e-21,1.7999999999999997e-24,75.1,66:330,264,Archaea
869889,QLH77210.1,GH5_2,3.8e-20,5.2e-23,70.3,67:338,271,Archaea
869889,QLH78823.1,GH9,5.9000000000000005e-87,1.4e-90,290.4,117:584,467,Archaea
869889,QLH79797.1,GH5_25,2.2e-26,2.5e-29,90.7,11:293,282,Archaea
869886,QLH81620.1,GH5_2,2.3e-09,3.6e-12,35.2,299:421,122,Archaea
869886,QLH81622.1,GH12,9.7e-08,1.9e-11,30.3,150:301,151,Archaea
869886,QLH81623.1,GH5_2,3.5000000000000005e-22,5.5e-25,77.2,73:337,264,Archaea
869886,QLH81625.1,GH5_25,1.1e-07,1.6e-10,29.5,75:268,193,Archaea
869886,QLH81627.1,GH5_2,4.9e-17,7.7e-20,60.3,265:388,123,Archaea
869886,QLH81627.1,GH5_2,8.7e-09,1.4e-11,33.3,172:261,89,Archaea
869886,QLH81664.1,GH5_2,3.7e-20,5.8e-23,70.5,66:338,272,Archaea
869886,QLH83678.1,GH9,2.7000000000000002e-89,5.4e-93,298.3,118:572,454,Archaea
869886,QLH84787.1,GH5_25,9.4e-26,1.3000000000000002e-28,88.8,11:293,282,Archaea
869886,QLH84945.1,GH5_2,2.1e-23,3.3e-26,81.2,82:303,221,Archaea
247480,QPA33130.1,GH9,7.7e-06,2.2e-09,22.9,349:490,141,Bacteria
1198301,QPV61503.1,GH9,7.3e-93,3.5999999999999997e-96,309.8,176:632,456,Archaea
1198301,QPV61938.1,GH5_25,6.5e-25,9.700000000000002e-28,85.7,11:293,282,Archaea
1198301,QPV62787.1,GH9,2.8e-91,1.4e-94,304.5,118:581,463,Archaea
1198301,QPV64249.1,GH5_2,1.5e-23,2.2e-26,81.3,163:380,217,Archaea
1198301,QPV64251.1,GH5_25,5.2e-08,7.7e-11,30.3,60:268,208,Archaea
1198301,QPV64253.1,GH5_2,8.7e-24,1.3e-26,82.1,73:337,264,Archaea
1198301,QPV64254.1,GH12,1.7e-10,4.1e-14,38.9,134:286,152,Archaea
1198301,QPV64257.1,GH5_2,1.5e-09,2.3e-12,35.5,299:421,122,Archaea
1198301,QPV64819.1,GH5_2,3.2e-30,4.8e-33,103.1,50:303,253,Archaea
2675099,QRV17480.1,GH5_2,1.3e-06,5.5e-10,26.1,30:252,222,Archaea
153151,QSB47792.1,GH9,3e-06,9.1e-10,24.1,322:480,158,Bacteria
523848,QXJ28463.1,GH12,7.4e-16,6.9e-19,56.0,144:318,174,Archaea
523848,QXJ29013.1,GH12,1.8e-18,1.7e-21,64.4,157:327,170,Archaea
523848,QXJ29154.1,GH12,1.6e-11,1.5e-14,41.9,182:356,174,Archaea
81408,QXJ40415.1,GH9,1.5e-06,3.7e-10,25.4,395:543,148,Bacteria
581036,RAK18867.1,GH9,5.1e-06,1.4e-09,23.4,335:481,146,Bacteria
696763,REF37227.1,GH5_25,3.7e-28,2e-31,96.3,50:347,297,Bacteria
696763,REF37563.1,GH5_1,5.3e-122,4.2000000000000005e-125,404.6,62:375,313,Bacteria
696763,REF37706.1,GH9,4.3999999999999996e-116,1.2e-119,386.2,152:621,469,Bacteria
1679091,RQG86682.1,GH9,1.5e-33,4.6e-37,114.1,111:591,480,Archaea
1679083,RQG94244.1,GH9,1.5e-33,3.6e-37,114.4,123:603,480,Archaea
264951,RWQ92385.1,GH5_1,1.6e-13,1.2e-16,49.7,102:374,272,Eukaryota
264951,RWQ92546.1,GH5_1,1.2e-06,9.4e-10,27.0,81:389,308,Eukaryota
264951,RWQ93015.1,GH12,1.1e-16,1.2e-20,60.1,173:343,170,Eukaryota
264951,RWQ98527.1,GH5_1,1.8e-09,1.4e-12,36.3,73:244,171,Eukaryota
264951,RWQ99563.1,GH5_25,4.6e-07,2.5e-10,28.4,141:286,145,Eukaryota
1187080,RZS95331.1,GH5_1,9.9e-17,2.3e-20,59.1,39:358,319,Bacteria
47854,SCL47670.1,GH6,1.5e-36,7.2e-40,124.9,51:267,216,Bacteria
47854,SCL47670.1,GH6,5.2e-22,2.6e-25,77.1,297:386,89,Bacteria
47854,SCL50147.1,GH6,1.4e-53,6.9e-57,180.8,48:315,267,Bacteria
47854,SCL52025.1,GH5_2,1.1e-84,5.6e-88,281.9,186:430,244,Bacteria
47854,SCL54748.1,GH9,7.300000000000001e-118,2.4e-121,392.7,276:749,473,Bacteria
47854,SCL56707.1,GH5_1,8.200000000000001e-22,3.9999999999999997e-25,76.3,34:291,257,Bacteria
47854,SCL56928.1,GH9,2e-168,6.6e-172,559.3,47:482,435,Bacteria
47854,SCL57588.1,GH5_1,2e-107,9.900000000000001e-111,357.4,50:386,336,Bacteria
47854,SCL59508.1,GH12,1.1e-44,1.8e-48,150.3,105:250,145,Bacteria
47854,SCL69503.1,GH6,3.9e-58,1.9e-61,195.7,187:474,287,Bacteria
47854,SCL69503.1,GH6,5.2e-18,2.6e-21,64.0,479:541,62,Bacteria
47854,SCL71812.1,GH48,5.1e-276,8.4e-280,915.5,330:953,623,Bacteria
1642646,SCM55578.1,GH5_25,7.5e-30,9.999999999999999e-33,101.5,44:334,290,Bacteria
1642646,SCM57160.1,GH5_4,8.8e-76,8.8e-79,252.1,240:537,297,Bacteria
1732,SDB31725.1,GH5_2,1.4e-90,5.5e-94,300.0,53:299,246,Bacteria
568899,SDH25727.1,GH9,8.2e-10,2.3e-13,36.0,363:633,270,Bacteria
1236180,SDR01458.1,GH12,8.2e-12,2.1e-15,43.1,126:277,151,Archaea
1186196,SEQ73461.1,GH5_2,3.2000000000000003e-23,2.7e-26,80.4,161:385,224,Archaea
1186196,SEQ73665.1,GH5_2,7.5e-10,6.4e-13,36.7,188:317,129,Archaea
1186196,SEQ73759.1,GH5_2,6.5e-12,5.6e-15,43.4,295:430,135,Archaea
1186196,SEQ73901.1,GH5_2,5e-08,4.3e-11,30.7,294:404,110,Archaea
1186196,SEQ80069.1,GH12,3.9e-06,1.7e-09,25.0,163:311,148,Archaea
1189325,SET67401.1,GH12,4.9e-14,1.6e-17,50.0,86:237,151,Bacteria
186116,SFA40581.1,GH5_25,4.5000000000000003e-23,1.3e-26,79.5,55:359,304,Bacteria
186116,SFA47371.1,GH9,4.1e-07,1.1e-10,27.1,370:541,171,Bacteria
937334,SFQ16344.1,GH5_25,2.1000000000000002e-126,8.5e-130,418.0,2:279,277,Bacteria
937334,SFQ16376.1,GH9,1.4000000000000002e-124,1.2e-127,413.5,144:588,444,Bacteria
937334,SFQ28529.1,GH9,2.5e-06,2.1e-09,23.9,380:524,144,Bacteria
767519,SFR85302.1,GH5_1,2.4e-07,3e-10,28.2,77:279,202,Archaea
767519,SFR88356.1,GH9,5.8e-91,1.4e-94,303.5,155:613,458,Archaea
767519,SFR99133.1,GH5_2,6e-24,7.300000000000001e-27,82.6,144:365,221,Archaea
767519,SFR99140.1,GH5_2,2e-09,2.4e-12,35.1,300:407,107,Archaea
767519,SFR99156.1,GH12,1.6e-06,3.9e-10,26.0,139:293,154,Archaea
767519,SFR99161.1,GH5_2,2.8000000000000002e-28,3.5e-31,96.8,153:369,216,Archaea
767519,SFR99166.1,GH5_2,5.2e-23,6.299999999999999e-26,79.6,73:341,268,Archaea
767519,SFR99177.1,GH5_2,5.9e-25,7.200000000000001e-28,85.9,165:374,209,Archaea
1393122,SFV27013.1,GH5_25,3.2e-19,2.7e-22,66.3,37:346,309,Bacteria
1393122,SFV28299.1,GH9,3.1e-56,2.6e-59,188.3,127:597,470,Bacteria
1393122,SFV32205.1,GH9,3.5e-100,3e-103,333.1,120:579,459,Bacteria
2017,SHF36272.1,GH6,2.8e-54,4.3e-58,183.2,43:309,266,Bacteria
456330,SHF73518.1,GH5_25,3.3e-25,4.9e-28,86.1,12:295,283,Bacteria
456330,SHF77449.1,GH5_25,1.1e-08,1.6e-11,32.0,39:273,234,Bacteria
456330,SHF88345.1,GH5_25,1.4e-42,2.0000000000000003e-45,143.2,8:227,219,Bacteria
456330,SHF88345.1,GH5_25,3.2e-07,4.8e-10,27.1,237:321,84,Bacteria
2017,SHG04458.1,GH5_1,5.2e-11,8e-15,40.9,181:380,199,Bacteria
288966,SHI89581.1,GH9,5.9e-06,1.7e-09,23.2,388:593,205,Bacteria
1848,SHK04945.1,GH6,2.3e-51,1.1999999999999999e-54,173.4,56:317,261,Bacteria
349931,SHK26868.1,GH5_5,1e-05,1.4e-08,22.9,34:147,113,Bacteria
633813,SHK56826.1,GH9,1.1e-29,8.1e-33,101.0,116:591,475,Bacteria
1848,SHK63702.1,GH12,5.7e-33,1.9000000000000002e-36,112.3,101:245,144,Bacteria
367189,SHK79668.1,GH5_2,6.6e-06,1.5e-09,23.7,103:249,146,Archaea
1848,SHL22321.1,GH6,5.8e-54,3e-57,182.0,52:316,264,Bacteria
1848,SHL22330.1,GH6,1.8e-53,9.1e-57,180.4,87:355,268,Bacteria
1848,SHL45255.1,GH12,3.1999999999999997e-29,1.1e-32,100.1,162:308,146,Bacteria
1027249,SHN33535.1,GH5_2,2.3000000000000001e-88,1.1999999999999999e-91,293.3,65:324,259,Bacteria
252246,SIS52809.1,GH9,1.1e-96,3.6e-100,322.0,85:528,443,Bacteria
285110,SJZ60874.1,GH9,6.4e-08,2.4e-11,29.3,382:522,140,Bacteria
109258,SMC20740.1,GH9,1e-05,3e-09,22.4,392:516,124,Bacteria
910412,SMO31941.1,GH5_1,1.6e-17,4.7e-21,61.4,39:290,251,Bacteria
1519374,SNT74067.1,GH9,3.3e-15,2.2e-18,53.5,396:766,370,Bacteria
1519374,SNT74575.1,GH9,1.1e-84,7.7e-88,282.3,278:620,342,Bacteria
1519374,SNT74575.1,GH9,8.3e-30,5.6000000000000005e-33,101.6,124:275,151,Bacteria
29313,SRX92804.1,GH6,3.8999999999999997e-63,8.3e-67,211.8,73:335,262,Bacteria
29313,SRX95619.1,GH5_5,3.1e-07,1.3e-10,27.9,298:375,77,Bacteria
44252,SUA85007.1,GH9,2.6999999999999998e-177,2.1000000000000003e-180,588.6,30:465,435,Bacteria
44252,SUA85008.1,GH48,1e-203,1.6e-207,676.8,61:527,466,Bacteria
44252,SUA85241.1,GH9,4e-104,3.0999999999999996e-107,347.5,98:544,446,Bacteria
44252,SUA85372.1,GH5_1,2.2000000000000003e-124,6.9e-128,413.2,44:360,316,Bacteria
44252,SUA85373.1,GH9,1.5e-133,1.2e-136,444.5,46:527,481,Bacteria
44252,SUA85374.1,GH6,1.3e-64,4.199999999999999e-68,217.0,53:345,292,Bacteria
44252,SUA85391.1,GH5_4,1.6e-93,5.1e-97,311.4,68:350,282,Bacteria
44252,SUD25377.1,GH6,7.7e-67,2.3999999999999998e-70,224.4,52:341,289,Bacteria
185139,TCJ15604.1,GH5_25,2.1e-18,7.100000000000001e-22,64.0,67:337,270,Bacteria
1082276,TCL61791.1,GH5_25,1.2e-23,2.3e-27,82.0,59:360,301,Bacteria
1133106,TCO80517.1,GH5_25,5.8e-32,3e-35,108.8,44:340,296,Bacteria
1133106,TCO80519.1,GH5_25,6.800000000000001e-27,3.5e-30,92.2,43:336,293,Bacteria
1179467,TCS96873.1,GH9,1.9e-07,6.6e-11,27.9,370:538,168,Bacteria
1096341,TDT51927.1,GH5_5,6.8e-06,6.9e-09,22.9,45:152,107,Bacteria
1627895,TDT71386.1,GH9,5.4999999999999995e-105,2.7e-108,348.7,313:754,441,Bacteria
392010,TDY42593.1,GH5_25,1.3e-36,4.5e-40,123.6,6:227,221,Bacteria
392010,TDY42593.1,GH5_25,3.4e-06,1.1e-09,23.9,244:321,77,Bacteria
392010,TDY51403.1,GH9,7.2e-110,2.3999999999999998e-113,365.4,89:532,443,Bacteria
2493090,TNY36470.1,GH6,1e-53,2.2e-57,180.8,51:374,323,Bacteria
2493090,TNY38019.1,GH5_25,6.1e-21,1.2999999999999998e-24,72.9,71:336,265,Bacteria
424188,ULR48137.1,GH5_4,1.7e-77,1.2000000000000001e-80,259.2,15:296,281,Bacteria
424188,ULR48153.1,GH5_2,3.3e-84,1.9e-87,280.9,57:301,244,Bacteria
424188,ULR48157.1,GH5_25,4.1e-09,2.8e-12,35.0,89:219,130,Bacteria
424188,ULR50909.1,GH6,2.2e-58,7.799999999999999e-62,197.0,60:325,265,Bacteria
424188,ULR51437.1,GH5_1,1.2e-117,8.5e-121,391.5,59:378,319,Bacteria
424188,ULR53679.1,GH12,1.2e-25,4.4e-29,89.0,102:241,139,Bacteria
424188,ULR53688.1,GH12,6.1e-36,2.1e-39,122.4,121:268,147,Bacteria
424188,ULR54592.1,GH48,1.7e-285,1.9999999999999998e-289,947.3,341:969,628,Bacteria
424188,ULR54593.1,GH6,1e-62,3.7e-66,211.2,164:453,289,Bacteria
424188,ULR55187.1,GH9,4.1e-122,4.8e-126,407.2,273:741,468,Bacteria
424188,ULR55429.1,GH12,9.700000000000001e-44,3.3999999999999997e-47,147.7,112:257,145,Bacteria
424188,ULR55853.1,GH5_1,7.2e-21,5e-24,73.7,38:287,249,Bacteria
424188,ULR55875.1,GH5_1,1.1e-19,7.6e-23,69.8,37:285,248,Bacteria
424188,ULR55883.1,GH6,2.4e-52,8.3e-56,177.2,111:378,267,Bacteria
33043,UWP16699.1,GH5_25,7.700000000000001e-32,1.5e-34,107.9,8:231,223,Bacteria
33043,UWP16928.1,GH9,3.1e-109,2.4e-112,363.1,324:756,432,Bacteria
33043,UWP17131.1,GH5_2,8.9e-78,1.7e-80,258.2,55:306,251,Bacteria
33043,UWP17182.1,GH5_2,2.6999999999999997e-24,5.1e-27,83.2,64:314,250,Bacteria
33043,UWP18152.1,GH9,3.7e-102,2.7999999999999996e-105,339.8,348:766,418,Bacteria
33043,UWP18189.1,GH5_2,2.5999999999999996e-90,4.9e-93,299.2,268:513,245,Bacteria
1868734,WNF33670.1,GH5_5,8e-06,4.6e-09,22.9,35:168,133,Bacteria
1868734,WNF34553.1,GH9,1.1e-06,3.1e-10,25.7,308:482,174,Bacteria
554949,WPD18678.1,GH5_25,4.4e-21,1.8999999999999998e-24,72.4,52:335,283,Bacteria
207809,WWQ60903.1,GH12,2.3e-16,1.7e-19,57.4,157:328,171,Archaea
207809,WWQ60989.1,GH12,3.8e-15,2.8e-18,53.4,150:324,174,Archaea
44754,XEY04582.1,GH5_25,4e-135,1.9999999999999998e-138,446.3,55:332,277,Bacteria
1008305,XEY14857.1,GH5_25,1.2e-131,6.1e-135,434.8,39:316,277,Bacteria
2262,XTU89123.1,GH12,4.1e-26,2.1e-29,88.5,147:307,160,Archaea
