protein	pocket_rank	pocket_score	center_x	center_y	center_z	size_x	size_y	size_z	residues	pocket_trimmed_start_end	trimmed_residues_n_terminal	pocket_start_end	num_atoms	pdb_path
A0A239PWE5	1	39.44	10.8092	7.8429	1.7442	22.5	22.5	24.473599893188478	[194, 195, 197, 204, 302, 303, 305, 372, 378, 379, 380, 381, 425, 426, 429, 430, 431, 432, 433, 434, 484, 487, 488, 493, 547, 549, 600, 602, 606, 608, 610, 611]	(194, 611)	30	(224, 641)	77	/home/ubuntu/storage/thesis/data/hits_3D_trimmed_structures/A0A239PWE5_trimmed.pdb
A0A7W3T7D7	1	16.52	7.5048	5.3641	-3.1008	22.5	22.5	22.5	[67, 79, 145, 146, 148, 149, 190, 191, 193, 266, 311, 315, 318, 350]	(67, 350)	48	(115, 398)	36	/home/ubuntu/storage/thesis/data/hits_3D_trimmed_structures/A0A7W3T7D7_trimmed.pdb
GCE50103.1	1	81.76	-13.8109	-4.6411	-10.3629	22.5	27.45419993133545	37.12579961853027	[204, 206, 207, 210, 235, 236, 237, 239, 240, 243, 249, 250, 251, 252, 257, 279, 284, 285, 287, 288, 291, 333, 334, 338, 341, 342, 345, 381, 382, 384, 385, 388, 390, 391, 420, 421, 422, 447, 449, 520, 521, 522, 524, 550, 551, 554, 556, 566, 568, 571, 573, 578, 581, 582, 583, 584, 586, 600, 601, 602]	(204, 602)	42	(246, 644)	147	/home/ubuntu/storage/thesis/data/hits_3D_trimmed_structures/GCE50103.1_trimmed.pdb
GCE50103.1	2	23.26	1.5499	10.539	-3.1932	22.5	27.027998992919922	22.5	[92, 93, 94, 109, 111, 122, 426, 427, 429, 430, 457, 461, 485, 486, 496, 515, 533, 534, 536, 540, 541, 543, 546, 615, 616]	(92, 616)	42	(134, 658)	58	/home/ubuntu/storage/thesis/data/hits_3D_trimmed_structures/GCE50103.1_trimmed.pdb
KAL2119084.1	1	87.99	-26.1415	-2.2718	-6.5019	22.5	45.3295992980957	27.595800007629393	[373, 374, 375, 376, 377, 385, 387, 388, 389, 417, 435, 439, 442, 443, 444, 445, 447, 448, 482, 486, 512, 514, 516, 517, 518, 519, 520, 522, 535, 536, 537, 540, 542, 543, 544, 545, 554, 556, 559, 566, 568, 570, 591, 592, 593, 607, 608, 609, 610, 612, 614, 683, 684, 689, 690, 716, 717, 718, 719, 720, 721, 722, 723, 727, 732, 733, 745, 759]	(373, 759)	23	(396, 782)	189	/home/ubuntu/storage/thesis/data/hits_3D_trimmed_structures/KAL2119084.1_trimmed.pdb
KAL2119084.1	2	20.59	26.3042	-0.3265	0.856	22.5	22.5	22.5	[122, 123, 191, 193, 196, 200, 234, 285, 294, 295, 298, 299, 302, 303, 309, 310, 312, 352]	(122, 352)	23	(145, 375)	34	/home/ubuntu/storage/thesis/data/hits_3D_trimmed_structures/KAL2119084.1_trimmed.pdb
KAL2119084.1	3	12.4	11.4685	7.8271	18.8962	22.5	22.5	22.5	[44, 48, 51, 52, 55, 64, 65, 66, 67, 132, 153, 326, 329, 330, 333, 337]	(44, 337)	23	(67, 360)	45	/home/ubuntu/storage/thesis/data/hits_3D_trimmed_structures/KAL2119084.1_trimmed.pdb
A0A0F4YZV4	1	65.32	8.8867	0.3005	-3.6266	22.5	22.5	22.5	[115, 145, 146, 147, 149, 153, 183, 188, 189, 191, 192, 194, 195, 196, 234, 235, 242, 243, 246, 277, 279, 280, 282, 283, 286, 317, 318, 319, 378, 380, 408, 409, 412, 413, 414, 415, 423, 425, 427, 440, 441]	(115, 441)	17	(132, 458)	113	/home/ubuntu/storage/thesis/data/hits_3D_trimmed_structures/A0A0F4YZV4_trimmed.pdb
A0A3D9V8T3	1	51.37	-0.0852	10.681	-6.3374	24.222400045776368	22.5	29.654799542236326	[220, 221, 223, 306, 307, 308, 309, 376, 379, 383, 384, 385, 428, 429, 430, 431, 432, 433, 434, 490, 491, 492, 495, 496, 499, 550, 552, 579, 581, 601, 603, 607, 609, 611, 612]	(220, 612)	58	(278, 670)	88	/home/ubuntu/storage/thesis/data/hits_3D_trimmed_structures/A0A3D9V8T3_trimmed.pdb
MFD1678098.1	1	12.02	-10.1877	-0.5938	1.1969	22.5	22.5	22.5	[79, 80, 97, 176, 268, 269, 271, 272, 274, 275, 276, 316, 324, 325, 329, 370, 375, 438, 471]	(79, 471)	31	(110, 502)	48	/home/ubuntu/storage/thesis/data/hits_3D_trimmed_structures/MFD1678098.1_trimmed.pdb
AJG41199.1	1	38.15	-9.2503	-4.3744	5.1099	22.5	22.5	22.5	[40, 42, 44, 77, 78, 79, 80, 83, 91, 93, 134, 136, 152, 154, 156, 163, 164, 165, 166, 194, 195, 196, 198, 246, 250]	(40, 250)	0	(40, 250)	78	/home/ubuntu/storage/thesis/data/hits_3D_trimmed_structures/AJG41199.1_trimmed.pdb
D7D815	1	22.53	11.7106	1.3898	1.6519	22.5	22.5	22.5	[80, 83, 84, 168, 169, 173, 175, 214, 256, 270, 271, 272, 273, 299, 303, 304, 306, 340, 371, 376, 377, 378, 379]	(80, 379)	10	(90, 389)	54	/home/ubuntu/storage/thesis/data/hits_3D_trimmed_structures/D7D815_trimmed.pdb
E4S4X9	1	32.89	-1.9233	-3.0151	9.0374	22.5	24.814200396728516	22.5	[84, 88, 115, 118, 150, 152, 153, 189, 193, 234, 236, 256, 258, 261, 262, 286, 292, 293, 294, 320, 325, 327, 444, 446, 496]	(84, 496)	0	(84, 496)	74	/home/ubuntu/storage/thesis/data/hits_3D_trimmed_structures/E4S4X9_trimmed.pdb
E4S4X9	2	14.03	15.7472	-3.6836	-25.466	22.5	22.5	22.5	[425, 426, 428, 470, 472, 515, 516, 517, 523, 525, 566, 567, 569, 571, 572, 574, 580, 585, 586, 589, 590]	(425, 590)	0	(425, 590)	41	/home/ubuntu/storage/thesis/data/hits_3D_trimmed_structures/E4S4X9_trimmed.pdb
E4S4X9	3	11.43	2.1268	-1.1628	-1.685	22.5	22.5	22.5	[293, 295, 296, 325, 410, 411, 412, 413, 444, 446, 451, 453, 455, 488, 490, 496, 497, 499, 546, 547, 549, 551]	(293, 551)	0	(293, 551)	52	/home/ubuntu/storage/thesis/data/hits_3D_trimmed_structures/E4S4X9_trimmed.pdb
B8DZI3	1	34.88	5.4297	6.6646	2.5517	22.5	22.5	22.5	[49, 51, 53, 88, 89, 90, 91, 94, 102, 104, 147, 149, 165, 169, 175, 176, 177, 178, 205, 207, 208, 209, 211, 261, 265]	(49, 265)	18	(67, 283)	73	/home/ubuntu/storage/thesis/data/hits_3D_trimmed_structures/B8DZI3_trimmed.pdb
A0A840P498	1	76.69	0.2192	9.3978	-11.9916	22.5	33.446400579833984	22.5	[53, 76, 77, 78, 79, 82, 109, 111, 115, 117, 119, 120, 121, 123, 126, 128, 152, 156, 158, 159, 344, 345, 347, 351, 425, 426, 427, 428, 429, 430, 431, 437, 438, 499, 503, 504, 505, 506, 548, 551, 552, 553, 554, 608, 609, 613, 614, 668, 670, 697, 699, 719, 721, 725, 727, 729, 730]	(53, 730)	3	(56, 733)	162	/home/ubuntu/storage/thesis/data/hits_3D_trimmed_structures/A0A840P498_trimmed.pdb
G0SD43	1	67.76	9.0004	-0.1702	-2.1543	22.5	22.5	22.5	[131, 163, 165, 166, 173, 200, 205, 206, 208, 209, 211, 212, 213, 251, 252, 256, 259, 260, 294, 296, 297, 299, 300, 303, 306, 334, 335, 336, 348, 350, 393, 394, 395, 397, 425, 426, 429, 430, 431, 432, 440, 442, 443, 444, 457, 458]	(131, 458)	24	(155, 482)	124	/home/ubuntu/storage/thesis/data/hits_3D_trimmed_structures/G0SD43_trimmed.pdb
A0A2K9E379	1	19.76	8.2642	6.5752	2.0897	22.5	22.5	24.82260080871582	[58, 69, 135, 136, 138, 179, 180, 182, 184, 190, 230, 232, 233, 234, 255, 256, 257, 260, 264, 303, 336, 347]	(58, 347)	30	(88, 377)	65	/home/ubuntu/storage/thesis/data/hits_3D_trimmed_structures/A0A2K9E379_trimmed.pdb
SUA85374.1	1	59.64	-8.2546	8.7021	24.468	42.54720010681152	28.287801342773438	22.5	[50, 83, 84, 85, 86, 87, 90, 97, 98, 100, 101, 127, 132, 133, 135, 136, 139, 181, 182, 186, 190, 227, 229, 230, 232, 233, 236, 239, 268, 269, 270, 298, 364, 365, 366, 368, 399, 403, 405, 415, 417, 420, 422, 427, 429, 430, 431, 444, 445, 446]	(50, 446)	28	(78, 474)	120	/home/ubuntu/storage/thesis/data/hits_3D_trimmed_structures/SUA85374.1_trimmed.pdb
ULR51437.1	1	20.37	1.773	-12.7691	9.8408	22.5	22.5	22.5	[76, 79, 80, 86, 164, 165, 168, 171, 210, 252, 259, 260, 261, 288, 292, 293, 295, 330, 367, 372, 373, 374, 375, 376]	(76, 376)	43	(119, 419)	51	/home/ubuntu/storage/thesis/data/hits_3D_trimmed_structures/ULR51437.1_trimmed.pdb
B8E2L5	1	21.0	9.2784	-3.0545	0.8975	22.5	30.532999786376955	22.5	[49, 60, 126, 127, 130, 172, 173, 240, 242, 243, 245, 286, 290, 318, 320, 322, 497]	(49, 497)	0	(49, 497)	54	/home/ubuntu/storage/thesis/data/hits_3D_trimmed_structures/B8E2L5_trimmed.pdb
GAA3905559.1	1	93.19	9.0534	-0.1108	-9.7998	22.5	22.5	22.5	[185, 187, 188, 191, 207, 208, 209, 210, 211, 212, 215, 219, 220, 222, 223, 228, 248, 254, 256, 257, 258, 260, 301, 305, 308, 309, 313, 315, 353, 354, 356, 357, 360, 362, 363, 392, 393, 394, 419, 420, 421, 422, 423, 488, 489, 490, 492, 519, 520, 523, 525, 535, 537, 540, 542, 547, 550, 551, 552, 554, 567, 568, 569]	(185, 569)	34	(219, 603)	154	/home/ubuntu/storage/thesis/data/hits_3D_trimmed_structures/GAA3905559.1_trimmed.pdb
D7BT20	1	42.72	4.7054	10.8332	-2.9574	22.5	22.5	22.5	[204, 205, 207, 290, 291, 293, 360, 363, 366, 367, 368, 369, 370, 416, 417, 418, 473, 474, 475, 478, 479, 482, 533, 535, 562, 586, 590, 592, 594, 595]	(204, 595)	44	(248, 639)	68	/home/ubuntu/storage/thesis/data/hits_3D_trimmed_structures/D7BT20_trimmed.pdb
A0A0F4YFW2	1	24.54	5.9618	2.3117	1.911	29.940398413085937	22.5	22.5	[108, 119, 186, 187, 190, 233, 234, 302, 308, 309, 346, 348, 350, 352, 353, 380, 382, 384, 385, 581, 582]	(108, 582)	16	(124, 598)	51	/home/ubuntu/storage/thesis/data/hits_3D_trimmed_structures/A0A0F4YFW2_trimmed.pdb
B5YFI6	1	19.85	7.4927	1.0748	2.1461	22.5	22.5	22.5	[49, 60, 126, 127, 130, 172, 173, 242, 245, 248, 249, 251, 286, 288, 290, 318, 320, 322, 497]	(49, 497)	22	(71, 519)	50	/home/ubuntu/storage/thesis/data/hits_3D_trimmed_structures/B5YFI6_trimmed.pdb
G2R8K6	1	32.73	1.665	7.9956	0.7933	22.5	22.5	31.927399938964843	[59, 60, 129, 130, 131, 169, 193, 195, 197, 199, 201, 219, 221, 224, 231, 233, 235, 244, 245, 246, 248, 250, 253, 343, 344, 345, 346, 347, 354, 360]	(59, 360)	20	(79, 380)	74	/home/ubuntu/storage/thesis/data/hits_3D_trimmed_structures/G2R8K6_trimmed.pdb
D9TIN2	1	22.59	6.4844	4.8012	6.7911	22.5	22.5	22.5	[84, 88, 115, 118, 150, 152, 153, 189, 193, 234, 236, 258, 262, 286, 292, 293, 294, 320, 325, 327]	(84, 327)	0	(84, 327)	43	/home/ubuntu/storage/thesis/data/hits_3D_trimmed_structures/D9TIN2_trimmed.pdb
A0A840P7T8	1	31.06	-2.7498	12.8506	-1.8377	22.5	22.5	28.679399710083008	[171, 175, 176, 202, 205, 238, 240, 276, 311, 312, 318, 341, 343, 347, 368, 374, 375, 376, 402, 403, 407, 409]	(171, 409)	28	(199, 437)	61	/home/ubuntu/storage/thesis/data/hits_3D_trimmed_structures/A0A840P7T8_trimmed.pdb
A0A1G6CFY0	1	21.27	6.1679	9.0797	-3.8134	22.5	22.5	22.5	[67, 71, 98, 101, 139, 141, 177, 216, 218, 238, 240, 243, 244, 266, 272, 273, 274, 300, 305, 307, 309]	(67, 309)	21	(88, 330)	42	/home/ubuntu/storage/thesis/data/hits_3D_trimmed_structures/A0A1G6CFY0_trimmed.pdb
G2QW39	1	75.52	8.4335	1.5558	-2.7128	22.5	22.5	22.5	[55, 58, 136, 166, 167, 168, 170, 171, 178, 205, 210, 211, 213, 214, 216, 218, 256, 257, 261, 264, 265, 299, 301, 302, 304, 305, 308, 339, 340, 341, 353, 399, 400, 402, 430, 431, 434, 435, 436, 437, 445, 447, 449, 462, 463, 464]	(55, 464)	24	(79, 488)	124	/home/ubuntu/storage/thesis/data/hits_3D_trimmed_structures/G2QW39_trimmed.pdb
A0A840P6F7	1	77.59	0.6383	1.8366	-7.9388	22.5	22.5	22.623600051498414	[378, 380, 384, 400, 401, 402, 403, 404, 405, 408, 411, 412, 414, 415, 416, 421, 444, 449, 450, 452, 453, 454, 456, 498, 499, 506, 507, 544, 546, 547, 549, 550, 553, 555, 556, 585, 586, 587, 612, 613, 614, 616, 681, 682, 683, 685, 712, 716, 718, 728, 730, 733, 735, 740, 743, 744, 745, 747, 760, 761, 762]	(378, 762)	0	(378, 762)	142	/home/ubuntu/storage/thesis/data/hits_3D_trimmed_structures/A0A840P6F7_trimmed.pdb
E4Q408	1	17.93	6.7157	2.6681	4.757	22.5	27.46379923706055	22.5	[84, 88, 115, 118, 152, 189, 234, 236, 258, 261, 262, 286, 292, 293, 294, 320, 325, 327]	(84, 327)	0	(84, 327)	40	/home/ubuntu/storage/thesis/data/hits_3D_trimmed_structures/E4Q408_trimmed.pdb
A0A0P6YGR8	1	30.0	8.7494	0.1553	1.4002	22.5	22.5	22.5	[55, 58, 59, 65, 141, 142, 147, 149, 189, 190, 232, 248, 249, 250, 251, 278, 282, 283, 285, 320, 351, 356, 357, 358, 359]	(55, 359)	26	(81, 385)	59	/home/ubuntu/storage/thesis/data/hits_3D_trimmed_structures/A0A0P6YGR8_trimmed.pdb
E4QEF5	1	25.89	-3.8997	3.5354	10.985	22.5	22.5	22.5	[84, 88, 89, 115, 118, 150, 152, 153, 188, 189, 193, 233, 234, 236, 256, 258, 262, 286, 292, 293, 294, 320, 325, 327, 443, 444]	(84, 444)	0	(84, 444)	61	/home/ubuntu/storage/thesis/data/hits_3D_trimmed_structures/E4QEF5_trimmed.pdb
D6Y2K0	1	114.32	3.0594	-0.1476	-10.2709	22.5	22.5	22.5	[186, 194, 195, 203, 205, 257, 258, 260, 261, 262, 269, 271, 273, 302, 326, 328, 329, 331, 332, 334, 357, 360, 361, 363, 365, 366, 367, 369, 371, 372, 373, 375, 377, 423, 424, 450, 451, 453, 464, 465, 466, 468, 472, 477, 556, 557, 559, 560, 562, 564, 565, 568, 571, 615, 616, 648, 649, 650, 653, 696, 698, 700, 764, 766]	(186, 766)	11	(197, 777)	175	/home/ubuntu/storage/thesis/data/hits_3D_trimmed_structures/D6Y2K0_trimmed.pdb
D6Y2K0	2	14.29	-7.7314	6.8498	-16.6843	22.5	22.5	22.5	[262, 264, 331, 332, 472, 532, 533, 534, 543, 552, 553, 554, 556, 558]	(262, 558)	11	(273, 569)	37	/home/ubuntu/storage/thesis/data/hits_3D_trimmed_structures/D6Y2K0_trimmed.pdb
B9K8K0	1	38.49	3.3242	8.527	-2.1076	23.29160053405762	22.5	22.5	[40, 42, 44, 77, 78, 79, 80, 83, 91, 93, 134, 136, 152, 154, 162, 163, 165, 194, 195, 196, 198, 250]	(40, 250)	16	(56, 266)	71	/home/ubuntu/storage/thesis/data/hits_3D_trimmed_structures/B9K8K0_trimmed.pdb
A0A1C6VT57	1	68.27	4.4894	7.0208	2.5216	37.63120061035156	22.5	22.5	[189, 191, 195, 212, 213, 214, 215, 219, 228, 229, 230, 232, 237, 254, 260, 262, 263, 265, 266, 306, 307, 314, 315, 319, 320, 357, 360, 361, 362, 363, 366, 368, 369, 398, 399, 400, 425, 426, 427, 429, 431, 494, 495, 496, 498, 525, 526, 529, 531, 543, 546, 547, 548, 553, 556, 557, 558, 573, 574]	(189, 574)	38	(227, 612)	141	/home/ubuntu/storage/thesis/data/hits_3D_trimmed_structures/A0A1C6VT57_trimmed.pdb
D6Y5G2	1	90.23	5.5446	4.5241	0.2897	22.5	38.187800061035155	22.60060030517578	[209, 211, 215, 231, 232, 233, 235, 236, 239, 242, 243, 245, 246, 251, 274, 279, 280, 282, 283, 284, 285, 286, 328, 329, 336, 337, 341, 375, 377, 378, 379, 380, 381, 384, 386, 387, 416, 417, 418, 442, 443, 444, 445, 447, 449, 450, 512, 513, 514, 516, 543, 544, 547, 549, 559, 561, 564, 565, 566, 571, 574, 575, 576, 578, 591, 592, 593]	(209, 593)	40	(249, 633)	153	/home/ubuntu/storage/thesis/data/hits_3D_trimmed_structures/D6Y5G2_trimmed.pdb
ULR55187.1	1	69.21	1.7453	-3.9287	-11.2198	22.5	22.5	22.5	[48, 50, 74, 77, 81, 107, 109, 113, 117, 119, 122, 124, 148, 152, 340, 341, 343, 428, 429, 430, 431, 501, 505, 506, 507, 550, 553, 554, 555, 556, 610, 611, 615, 670, 672, 699, 701, 721, 723, 727, 729, 731, 732]	(48, 732)	26	(74, 758)	121	/home/ubuntu/storage/thesis/data/hits_3D_trimmed_structures/ULR55187.1_trimmed.pdb
GAA3904881.1	1	60.36	-1.7493	-12.218	2.1026	22.5	22.5	22.5	[48, 50, 73, 76, 80, 106, 108, 112, 115, 116, 117, 118, 121, 147, 149, 151, 339, 340, 342, 349, 426, 427, 428, 429, 430, 439, 500, 504, 505, 506, 507, 552, 553, 554, 555, 609, 610, 614, 615, 669, 671, 698, 700, 720, 722, 726, 728, 730, 731]	(48, 731)	27	(75, 758)	132	/home/ubuntu/storage/thesis/data/hits_3D_trimmed_structures/GAA3904881.1_trimmed.pdb
EEB73588.2	1	45.55	-7.305	0.578	-12.1674	22.5	22.5	25.496799940872194	[40, 42, 58, 60, 62, 97, 98, 99, 100, 103, 111, 113, 114, 116, 156, 158, 175, 185, 186, 188, 218, 219, 220, 222, 224, 266, 270]	(40, 270)	22	(62, 292)	82	/home/ubuntu/storage/thesis/data/hits_3D_trimmed_structures/EEB73588.2_trimmed.pdb
B5YCT9	1	34.1	3.9777	8.4517	0.1041	22.5	22.5	22.5	[49, 51, 53, 89, 90, 91, 94, 102, 104, 147, 149, 165, 167, 169, 175, 176, 178, 207, 209, 211, 261, 265]	(49, 265)	18	(67, 283)	61	/home/ubuntu/storage/thesis/data/hits_3D_trimmed_structures/B5YCT9_trimmed.pdb
GAA4135145.1	1	85.19	-2.216	-8.6072	-13.6457	30.633999664306643	22.5	27.395400091552734	[168, 170, 174, 190, 191, 192, 194, 195, 198, 202, 204, 205, 206, 211, 228, 234, 236, 237, 240, 280, 281, 288, 289, 293, 295, 333, 334, 336, 337, 340, 342, 343, 371, 372, 373, 400, 467, 468, 469, 471, 498, 502, 504, 514, 516, 519, 521, 530, 531, 533, 546, 547, 548]	(168, 548)	33	(201, 581)	135	/home/ubuntu/storage/thesis/data/hits_3D_trimmed_structures/GAA4135145.1_trimmed.pdb
GCE50102.1	1	21.1	17.6332	11.3732	-0.0139	22.5	22.5	22.5	[66, 69, 70, 76, 152, 153, 159, 198, 240, 253, 254, 255, 282, 286, 287, 289, 324, 357, 362, 363, 364, 365]	(66, 365)	34	(100, 399)	56	/home/ubuntu/storage/thesis/data/hits_3D_trimmed_structures/GCE50102.1_trimmed.pdb
