taxID,accession,family,evalue,evalue_cond,score,domain_coord,domain_len,domain,Header,Probability,Prediction_x,SP(Sec/SPI),CS Position,total_aa,uniprot,candidate,TM_score_candidate,TM_score_ref,Coverage_cand_len (%),Coverage_ref_len (%),RMSD,aligned_length,seq_identity
1515.0,ABN51859.1,GH44,1.5000000000000001e-274,4.8e-278,908.9,773:1284,511.0,Bacteria,ABN51859.1 glycoside hydrolase family 9 [Acetivibrio thermocellus ATCC 27405],0.8203159835631432,Thermophilic/Hyperthermophilic,0.999214,CS pos: 27-28. Pr: 0.9716,1601,A3DD30,ABN51859.1,0.31771,0.99828,31.792629606495943,100.0,0.33,509,1.0
1515.0,ABN51859.1,GH9,2.3e-101,1.3e-103,337.5,314:749,435.0,Bacteria,ABN51859.1 glycoside hydrolase family 9 [Acetivibrio thermocellus ATCC 27405],0.8203159835631432,Thermophilic/Hyperthermophilic,0.999214,CS pos: 27-28. Pr: 0.9716,1601,A3DD30,ABN51859.1,0.32152,0.82698,33.166770768269835,87.76859504132231,2.42,531,0.301
351627.0,ABP66691.1,GH44,9.1e-268,3.3999999999999995e-271,886.3,783:1303,520.0,Bacteria,"ABP66691.1 glycoside hydrolase, family 5 [Caldicellulosiruptor saccharolyticus DSM 8903]",0.902001194917198,Thermophilic/Hyperthermophilic,0.998997,CS pos: 38-39. Pr: 0.9442,1303,A4XIF6,ABP66691.1,0.387,0.98492,38.91020721412126,99.60707269155206,0.87,507,0.602
351627.0,ABP66691.1,GH5_1,4.7999999999999995e-46,1.4e-48,154.7,50:297,247.0,Bacteria,"ABP66691.1 glycoside hydrolase, family 5 [Caldicellulosiruptor saccharolyticus DSM 8903]",0.902001194917198,Thermophilic/Hyperthermophilic,0.998997,CS pos: 38-39. Pr: 0.9442,1303,A4XIF6,ABP66691.1,0.19446,0.60274,21.488871834228704,74.07407407407408,4.32,280,0.189
608506.0,ADL42945.1,GH48,0.0,0.0,1049.3,1271:1893,622.0,Bacteria,"ADL42945.1 Cellulose 1,4-beta-cellobiosidase [Caldicellulosiruptor obsidiansis OB47]",0.9615394853983074,Thermophilic/Hyperthermophilic,0.998965,CS pos: 27-28. Pr: 0.9638,1897,D9TFH5,ADL42945.1,0.32591,0.96736,32.7358987875593,97.64150943396226,0.98,621,0.644
608506.0,ADL42950.1,GH9,7.1e-168,9.7e-171,556.0,41:460,419.0,Bacteria,"ADL42950.1 Cellulase., Mannan endo-1,4-beta-mannosidase [Caldicellulosiruptor obsidiansis OB47]",0.953790365277914,Thermophilic/Hyperthermophilic,0.647357,CS pos: 37-38. Pr: 0.3341,1393,D9TFI0,ADL42950.1,0.28334,0.62638,29.935391241923902,68.92561983471074,3.06,417,0.189
608506.0,ADL42950.1,GH5_1,1.2999999999999999e-46,1.8e-49,156.2,1119:1366,247.0,Bacteria,"ADL42950.1 Cellulase., Mannan endo-1,4-beta-mannosidase [Caldicellulosiruptor obsidiansis OB47]",0.953790365277914,Thermophilic/Hyperthermophilic,0.647357,CS pos: 37-38. Pr: 0.3341,1393,D9TFI0,ADL42950.1,0.18167,0.60104,19.81335247666906,73.01587301587301,3.99,276,0.196
301953.0,ADQ39606.1,GH44,4.4999999999999997e-265,1.7999999999999998e-268,877.3,1229:1749,520.0,Bacteria,ADQ39606.1 type 3a cellulose-binding domain protein [Caldicellulosiruptor acetigenus I77R1B],0.9159380162937368,Thermophilic/Hyperthermophilic,0.998862,CS pos: 31-32. Pr: 0.9721,1749,E4S5E5,ADQ39606.1,0.28789,0.97863,28.98799313893653,99.60707269155206,1.1,507,0.596
632348.0,ADQ45728.1,GH44,1.6e-269,6.400000000000001e-273,892.0,763:1283,520.0,Bacteria,"ADQ45728.1 Mannan endo-1,4-beta-mannosidase [Caldicellulosiruptor kronotskyensis 2002]",0.8653383121114699,Thermophilic/Hyperthermophilic,0.999101,CS pos: 38-39. Pr: 0.9693,1283,E4SDB9,ADQ45728.1,0.39285,0.98416,39.51675759937646,99.60707269155206,0.91,507,0.598
632348.0,ADQ45728.1,GH5_1,1.5e-46,3e-49,156.3,51:297,246.0,Bacteria,"ADQ45728.1 Mannan endo-1,4-beta-mannosidase [Caldicellulosiruptor kronotskyensis 2002]",0.8653383121114699,Thermophilic/Hyperthermophilic,0.999101,CS pos: 38-39. Pr: 0.9693,1283,E4SDB9,ADQ45728.1,0.19866,0.60578,22.0576773187841,74.86772486772487,4.44,283,0.198
126738.0,AJG41199.1,GH12,1.5999999999999998e-25,1.8000000000000002e-28,86.5,103:271,168.0,Bacteria,AJG41199.1 endoglucanase [Thermotoga sp. RQ7],0.6990149112210767,Thermophilic/Hyperthermophilic,0.999066,CS pos: 17-18. Pr: 0.9763,273,AJG41199.1,AJG41199.1,0.88795,0.8976,91.94139194139194,92.96296296296296,1.56,251,0.375
1677857.0,AUG57501.1,GH9,4.8e-104,2.2e-106,346.2,854:1293,439.0,Bacteria,"AUG57501.1 Cellulose 1,4-beta-cellobiosidase precursor [Acetivibrio saccincola]",0.6828230688301757,Thermophilic/Hyperthermophilic,0.999117,CS pos: 25-26. Pr: 0.9770,1303,A0A2K9ELN7,AUG57501.1,0.39535,0.83425,40.67536454336148,87.60330578512396,2.08,530,0.343
246969.0,EEB73588.2,GH12,2.1e-22,9.5e-26,76.6,125:283,158.0,Archaea,"EEB73588.2 endo-1,4-beta-glucanase b [Thermococcus sp. AM4]",0.9065258899908484,Thermophilic/Hyperthermophilic,0.999134,CS pos: 29-30. Pr: 0.9463,319,EEB73588.2,EEB73588.2,0.80512,0.94724,83.38557993730407,98.51851851851852,1.53,266,0.44
364901.0,GAA3896681.1,GH6,2.5e-41,1.2e-44,140.6,193:482,289.0,Bacteria,GAA3896681.1 hypothetical protein GCM10022244_03560 [Streptomyces gulbargensis],0.9481935987706444,Thermophilic/Hyperthermophilic,0.998188,CS pos: 30-31. Pr: 0.9713,506,A0ABP7L9N9,GAA3896681.1,0.55214,0.65421,61.06719367588933,73.22274881516587,3.1,309,0.204
364901.0,GAA3904881.1,GH9,7.5e-119,1.2000000000000001e-122,396.0,272:740,468.0,Bacteria,GAA3904881.1 cellulase [Streptomyces gulbargensis],0.9184510582104792,Thermophilic/Hyperthermophilic,0.999119,CS pos: 29-30. Pr: 0.9703,767,A0ABP7LP76,GAA3904881.1,0.72692,0.91826,74.1851368970013,94.04958677685951,1.49,569,0.475
364901.0,GAA3905559.1,GH6,5.1e-64,2.5000000000000003e-67,215.1,180:468,288.0,Bacteria,"GAA3905559.1 cellulose 1,4-beta-cellobiosidase [Streptomyces gulbargensis]",0.7223139448068352,Thermophilic/Hyperthermophilic,0.829736,CS pos: 33-34. Pr: 0.8040,586,A0ABP7LTF2,GAA3905559.1,0.69462,0.96065,70.4778156996587,97.86729857819904,1.08,413,0.688
364901.0,GAA3905568.1,GH5_5,2.1e-10,2.1e-13,38.7,175:332,157.0,Bacteria,GAA3905568.1 cellulase family glycosylhydrolase [Streptomyces gulbargensis],0.9595164001413244,Thermophilic/Hyperthermophilic,0.997698,CS pos: 17-18. Pr: 0.9543,491,A0ABP7LT50,GAA3905568.1,0.50802,0.72623,57.0264765784114,84.08408408408408,3.33,280,0.175
364901.0,GAA3905578.1,GH48,1.2e-282,1.8999999999999999e-286,937.5,346:974,628.0,Bacteria,GAA3905578.1 glycoside hydrolase family 48 protein [Streptomyces gulbargensis],0.9669230386032528,Thermophilic/Hyperthermophilic,0.995588,CS pos: 44-45. Pr: 0.9144,976,A0ABP7LRJ0,GAA3905578.1,0.6266,0.95852,63.31967213114754,97.16981132075472,1.3,618,0.553
364901.0,GAA3919708.1,GH5_1,6.6e-23,4.3e-26,79.9,43:296,253.0,Bacteria,GAA3919708.1 hypothetical protein GCM10022244_30990 [Streptomyces gulbargensis],0.9429144974251732,Thermophilic/Hyperthermophilic,0.999102,CS pos: 26-27. Pr: 0.9874,542,A0ABP7MCG3,GAA3919708.1,0.45947,0.63631,52.952029520295206,75.92592592592592,3.84,287,0.164
364901.0,GAA3940599.1,GH5_4,1.8e-06,1.2e-09,25.9,66:142,76.0,Bacteria,GAA3940599.1 hypothetical protein GCM10022244_55840 [Streptomyces gulbargensis],0.9999941408062124,Thermophilic/Hyperthermophilic,0.998887,CS pos: 35-36. Pr: 0.4792,470,A0ABP7NBB0,GAA3940599.1,0.57892,0.75825,65.31914893617021,87.71428571428571,3.22,307,0.156
364901.0,GAA3940599.1,GH5_1,4.6e-06,3e-09,24.6,173:369,196.0,Bacteria,GAA3940599.1 hypothetical protein GCM10022244_55840 [Streptomyces gulbargensis],0.9999941408062124,Thermophilic/Hyperthermophilic,0.998887,CS pos: 35-36. Pr: 0.4792,470,A0ABP7NBB0,GAA3940599.1,0.56276,0.68549,65.1063829787234,80.95238095238095,3.66,306,0.18
547461.0,GAA4133577.1,GH12,1.5e-36,2.3e-40,124.0,100:247,147.0,Bacteria,GAA4133577.1 cellulose binding domain-containing protein [Actinomadura keratinilytica],0.939678252465311,Thermophilic/Hyperthermophilic,0.999156,CS pos: 24-25. Pr: 0.9751,362,A0ABP7YB85,GAA4133577.1,0.57516,0.75617,62.98342541436463,84.44444444444444,2.53,228,0.211
547461.0,GAA4135145.1,GH6,2e-64,9.4e-68,216.5,166:447,281.0,Bacteria,"GAA4135145.1 cellulose 1,4-beta-cellobiosidase [Actinomadura keratinilytica]",0.5667853276656261,Thermophilic/Hyperthermophilic,0.996875,CS pos: 33-34. Pr: 0.9335,566,A0ABP7YEZ2,GAA4135145.1,0.71034,0.94873,72.26148409893993,96.91943127962084,1.16,409,0.658
547461.0,GAA4135145.1,GH6,4.6e-16,2.2e-19,57.7,451:514,63.0,Bacteria,"GAA4135145.1 cellulose 1,4-beta-cellobiosidase [Actinomadura keratinilytica]",0.5667853276656261,Thermophilic/Hyperthermophilic,0.996875,CS pos: 33-34. Pr: 0.9335,566,A0ABP7YEZ2,GAA4135145.1,0.71034,0.94873,72.26148409893993,96.91943127962084,1.16,409,0.658
547461.0,GAA4135160.1,GH48,1.1000000000000001e-274,1.7e-278,911.2,341:975,634.0,Bacteria,GAA4135160.1 glycoside hydrolase family 48 protein [Actinomadura keratinilytica],0.959874396567894,Thermophilic/Hyperthermophilic,0.997112,CS pos: 37-38. Pr: 0.9688,978,A0ABP7YEU9,GAA4135160.1,0.62373,0.95536,63.19018404907976,97.16981132075472,1.45,618,0.532
547461.0,GAA4141977.1,GH6,6.8e-56,3.2000000000000003e-59,188.4,69:388,319.0,Bacteria,GAA4141977.1 glycoside hydrolase family 6 protein [Actinomadura keratinilytica],0.9940974489485512,Thermophilic/Hyperthermophilic,0.998963,CS pos: 27-28. Pr: 0.9795,420,A0ABP7YVC6,GAA4141977.1,0.67893,0.67594,76.19047619047619,75.82938388625593,3.12,320,0.287
547461.0,GAA4148641.1,GH5_1,1.4e-18,6.5e-22,65.7,45:295,250.0,Bacteria,GAA4148641.1 hypothetical protein GCM10022416_43110 [Actinomadura keratinilytica],0.8370938308235844,Thermophilic/Hyperthermophilic,0.999194,CS pos: 32-33. Pr: 0.9744,538,A0ABP7Z6V9,GAA4148641.1,0.46276,0.63647,53.3457249070632,75.92592592592592,3.79,287,0.16
547461.0,GAA4151262.1,GH5_1,2.3e-110,1.1e-113,367.1,47:380,333.0,Bacteria,GAA4151262.1 cellulase family glycosylhydrolase [Actinomadura keratinilytica],0.7414718329513171,Thermophilic/Hyperthermophilic,0.99922,CS pos: 31-32. Pr: 0.9701,522,A0ABP7ZA13,GAA4151262.1,0.65619,0.89819,68.39080459770115,94.44444444444444,2.12,357,0.454
644383.0,GCE50102.1,GH5_1,8.799999999999999e-120,2.8000000000000002e-123,398.1,49:368,319.0,Bacteria,GCE50102.1 hypothetical protein KTH_49710 [Thermosporothrix hazakensis],0.5296428657102257,Thermophilic/Hyperthermophilic,0.999177,CS pos: 37-38. Pr: 0.9682,567,GCE50102.1,GCE50102.1,0.59324,0.88029,61.552028218694886,92.32804232804232,1.94,349,0.458
644383.0,GCE50103.1,GH6,4.5999999999999996e-69,7.3e-73,231.7,207:495,288.0,Bacteria,GCE50103.1 glucanase [Thermosporothrix hazakensis],0.8144776615746062,Thermophilic/Hyperthermophilic,0.998396,CS pos: 41-42. Pr: 0.9675,618,GCE50103.1,GCE50103.1,0.64585,0.93832,66.18122977346277,96.91943127962084,1.44,409,0.575
644383.0,GCE50103.1,GH6,1.7e-15,2.6e-19,55.8,507:566,59.0,Bacteria,GCE50103.1 glucanase [Thermosporothrix hazakensis],0.8144776615746062,Thermophilic/Hyperthermophilic,0.998396,CS pos: 41-42. Pr: 0.9675,618,GCE50103.1,GCE50103.1,0.64585,0.93832,66.18122977346277,96.91943127962084,1.44,409,0.575
644383.0,GCE50128.1,GH48,1.4e-276,2.1999999999999999e-280,917.4,46:671,625.0,Bacteria,GCE50128.1 hypothetical protein KTH_49970 [Thermosporothrix hazakensis],0.9414008855569006,Thermophilic/Hyperthermophilic,0.99875,CS pos: 37-38. Pr: 0.9567,819,GCE50128.1,GCE50128.1,0.74554,0.95839,75.21367521367522,96.85534591194968,1.0,616,0.537
644383.0,GCE50334.1,GH12,9.599999999999999e-41,2.9999999999999997e-44,137.6,111:258,147.0,Bacteria,GCE50334.1 hypothetical protein KTH_52030 [Thermosporothrix hazakensis],0.6097433942947479,Thermophilic/Hyperthermophilic,0.999276,CS pos: 31-32. Pr: 0.9744,467,GCE50334.1,GCE50334.1,0.45505,0.75995,49.25053533190578,85.18518518518519,2.53,230,0.2
644383.0,GCE51262.1,GH9,4.6e-171,7.299999999999999e-175,568.1,40:475,435.0,Bacteria,GCE51262.1 endoglucanase [Thermosporothrix hazakensis],0.5309531970538947,Thermophilic/Hyperthermophilic,0.998974,CS pos: 36-37. Pr: 0.9725,937,GCE51262.1,GCE51262.1,0.41595,0.62708,45.25080042689434,70.08264462809917,3.4,424,0.217
185696.0,GHE77751.1,GH12,7.100000000000001e-22,9.4e-26,76.7,88:230,142.0,Bacteria,GHE77751.1 hypothetical protein GCM10017786_04080 [Amycolatopsis deserti],0.8991056478128928,Thermophilic/Hyperthermophilic,0.837214,CS pos: 10-11. Pr: 0.7877,231,A0ABQ3IF66,GHE77751.1,0.78979,0.68508,91.34199134199136,78.14814814814814,2.81,211,0.19
85995.0,KAL2115394.1,GH45,4.5e-89,8.2e-93,297.3,23:221,198.0,Eukaryota,KAL2115394.1 hypothetical protein VTJ04DRAFT_9649 [Mycothermus thermophilus],0.5423596695042814,Thermophilic/Hyperthermophilic,0.999824,CS pos: 21-22. Pr: 0.9545,305,KAL2115394.1,KAL2115394.1,0.3662,0.59176,40.92409240924093,69.27374301675978,2.61,124,0.258
85995.0,KAL2119084.1,GH7,2.9e-124,1.3e-127,414.2,338:782,444.0,Eukaryota,KAL2119084.1 hypothetical protein VTJ04DRAFT_6044 [Mycothermus thermophilus],0.6056834569539967,Thermophilic/Hyperthermophilic,0.999821,CS pos: 20-21. Pr: 0.8369,783,KAL2119084.1,KAL2119084.1,0.50899,0.90639,52.49042145593869,94.70046082949308,2.06,411,0.421
85995.0,KAL2120063.1,GH6,4.5e-126,1.5999999999999998e-129,419.7,131:442,311.0,Eukaryota,KAL2120063.1 hypothetical protein VTJ04DRAFT_7024 [Mycothermus thermophilus],0.6321382461095639,Thermophilic/Hyperthermophilic,0.999777,CS pos: 23-24. Pr: 0.9268,476,KAL2120063.1,KAL2120063.1,0.69017,0.7745,73.10924369747899,82.46445497630332,2.08,348,0.362
85995.0,KAL2123475.1,GH12,7.5e-11,1.4e-14,41.4,131:271,140.0,Eukaryota,KAL2123475.1 hypothetical protein VTJ04DRAFT_3930 [Mycothermus thermophilus],0.9430026275415254,Thermophilic/Hyperthermophilic,0.999845,CS pos: 22-23. Pr: 0.9624,971,KAL2123475.1,KAL2123475.1,0.22264,0.73531,23.68692070030896,85.18518518518519,2.84,230,0.13
72144.0,KAL2265053.1,GH45,7.8e-91,2e-94,302.5,23:220,197.0,Eukaryota,KAL2265053.1 hypothetical protein VTJ83DRAFT_7563 [Remersonia thermophila],0.7657864385948204,Thermophilic/Hyperthermophilic,0.999986,CS pos: 22-23. Pr: 0.6196,303,A0ABR4D3Z2,KAL2265053.1,0.3662,0.59176,40.92409240924093,69.27374301675978,2.61,124,0.258
1661150.0,MFD1678098.1,GH44,1e-73,2e-77,247.1,205:604,399.0,Bacteria,MFD1678098.1 glycoside hydrolase family 44 protein [Alicyclobacillus fodiniaquatilis],0.7846999289996035,Thermophilic/Hyperthermophilic,0.999054,CS pos: 32-33. Pr: 0.9737,671,A0ABW4JSB8,MFD1678098.1,0.6712,0.87755,69.89567809239941,92.14145383104125,2.05,469,0.328
1661150.0,MFD1678098.1,GH44,6.3e-11,1.2e-14,39.9,34:156,122.0,Bacteria,MFD1678098.1 glycoside hydrolase family 44 protein [Alicyclobacillus fodiniaquatilis],0.7846999289996035,Thermophilic/Hyperthermophilic,0.999054,CS pos: 32-33. Pr: 0.9737,671,A0ABW4JSB8,MFD1678098.1,0.6712,0.87755,69.89567809239941,92.14145383104125,2.05,469,0.328
1378066.0,PPS39583.1,GH5_2,5.399999999999999e-31,4.9000000000000005e-34,105.8,55:321,266.0,Bacteria,PPS39583.1 hypothetical protein B1A85_22055 [Chroococcidiopsis sp. TS-821],0.545821997544973,Thermophilic/Hyperthermophilic,0.841117,CS pos: 40-41. Pr: 0.9047,521,PPS39583.1,PPS39583.1,0.5085,0.7813,56.23800383877159,89.60244648318043,3.01,293,0.232
58112.0,PRX00792.1,GH5_1,4.7e-18,2.4e-21,63.9,41:294,253.0,Bacteria,"PRX00792.1 UNVERIFIED_ORG: mannan endo-1,4-beta-mannosidase [Actinomadura viridilutea]",0.952517244274629,Thermophilic/Hyperthermophilic,0.999257,CS pos: 30-31. Pr: 0.9767,443,PRX00792.1,PRX00792.1,0.55236,0.63706,64.55981941309255,75.66137566137566,3.72,286,0.154
58112.0,PRX06196.1,GH6,8.5e-58,4.4e-61,194.6,78:398,320.0,Bacteria,PRX06196.1 UNVERIFIED_ORG: endoglucanase [Actinomadura viridilutea],0.9720075223331422,Thermophilic/Hyperthermophilic,0.998577,CS pos: 34-35. Pr: 0.9647,430,PRX06196.1,PRX06196.1,0.66484,0.67656,74.4186046511628,75.82938388625593,3.1,320,0.278
58112.0,PRX06239.1,GH48,2.1000000000000002e-277,3.4999999999999996e-281,920.1,341:975,634.0,Bacteria,"PRX06239.1 UNVERIFIED_ORG: cellulose 1,4-beta-cellobiosidase [Actinomadura viridilutea]",0.9427761009026846,Thermophilic/Hyperthermophilic,0.992647,CS pos: 37-38. Pr: 0.9370,978,PRX06239.1,PRX06239.1,0.62287,0.95425,62.98568507157464,96.85534591194968,1.26,616,0.536
44252.0,SUA85007.1,GH9,2.6999999999999998e-177,2.1000000000000003e-180,588.6,30:465,435.0,Bacteria,SUA85007.1 glycoside hydrolase family protein [Paenibacillus macerans],0.5907325083439953,Thermophilic/Hyperthermophilic,0.832314,CS pos: 25-26. Pr: 0.7691,902,SUA85007.1,SUA85007.1,0.43955,0.63776,48.4478935698448,72.23140495867769,3.71,437,0.213
44252.0,SUA85008.1,GH48,1e-203,1.6e-207,676.8,61:527,466.0,Bacteria,"SUA85008.1 putative cellulose 1,4-beta-cellobiosidase [Paenibacillus macerans]",0.6468665114842765,Thermophilic/Hyperthermophilic,0.997614,CS pos: 37-38. Pr: 0.6055,1016,SUA85008.1,SUA85008.1,0.59914,0.9524,60.72834645669292,97.0125786163522,1.41,617,0.517
44252.0,SUA85374.1,GH6,1.3e-64,4.199999999999999e-68,217.0,53:345,292.0,Bacteria,SUA85374.1 exoglucanase a [Paenibacillus macerans],0.5801795852794229,Thermophilic/Hyperthermophilic,0.999082,CS pos: 33-34. Pr: 0.9752,716,SUA85374.1,SUA85374.1,0.55439,0.93058,56.70391061452514,96.2085308056872,1.46,406,0.52
44252.0,SUD25377.1,GH6,7.7e-67,2.3999999999999998e-70,224.4,52:341,289.0,Bacteria,SUD25377.1 exoglucanase A [Paenibacillus macerans],0.5845219831972526,Thermophilic/Hyperthermophilic,0.999102,CS pos: 31-32. Pr: 0.9696,889,SUD25377.1,SUD25377.1,0.44814,0.93107,45.66929133858268,96.2085308056872,1.45,406,0.544
2493090.0,TNY36470.1,GH6,1e-53,2.2e-57,180.8,51:374,323.0,Bacteria,TNY36470.1 glycoside hydrolase [Thermomonospora catenispora],0.9963915201550674,Thermophilic/Hyperthermophilic,0.998988,CS pos: 31-32. Pr: 0.9735,405,TNY36470.1,TNY36470.1,0.70369,0.67731,79.50617283950618,76.30331753554502,3.24,322,0.289
424188.0,ULR51437.1,GH5_1,1.2e-117,8.5e-121,391.5,59:378,319.0,Bacteria,ULR51437.1 cellulase family glycosylhydrolase [Streptomyces deccanensis],0.6559108915589812,Thermophilic/Hyperthermophilic,0.998653,CS pos: 29-30. Pr: 0.9594,526,ULR51437.1,ULR51437.1,0.63474,0.87703,65.20912547528516,90.74074074074076,1.5,343,0.429
424188.0,ULR54592.1,GH48,1.7e-285,1.9999999999999998e-289,947.3,341:969,628.0,Bacteria,ULR54592.1 cellulose binding domain-containing protein [Streptomyces deccanensis],0.938229080471368,Thermophilic/Hyperthermophilic,0.997614,CS pos: 37-38. Pr: 0.9644,971,ULR54592.1,ULR54592.1,0.62999,0.95884,63.64572605561277,97.16981132075472,1.26,618,0.547
424188.0,ULR55187.1,GH9,4.1e-122,4.8e-126,407.2,273:741,468.0,Bacteria,ULR55187.1 glycoside hydrolase family 9 protein [Streptomyces deccanensis],0.7473833455923784,Thermophilic/Hyperthermophilic,0.999152,CS pos: 29-30. Pr: 0.9738,747,ULR55187.1,ULR55187.1,0.74509,0.91725,75.90361445783132,93.7190082644628,1.39,567,0.464
424188.0,ULR55429.1,GH12,9.700000000000001e-44,3.3999999999999997e-47,147.7,112:257,145.0,Bacteria,ULR55429.1 cellulose binding domain-containing protein [Streptomyces deccanensis],0.9806436312709512,Thermophilic/Hyperthermophilic,0.998976,CS pos: 37-38. Pr: 0.9654,375,ULR55429.1,ULR55429.1,0.54223,0.73455,59.73333333333334,82.96296296296296,2.53,224,0.179
424188.0,ULR55853.1,GH5_1,7.2e-21,5e-24,73.7,38:287,249.0,Bacteria,ULR55853.1 cellulase family glycosylhydrolase [Streptomyces deccanensis],0.8863803640176576,Thermophilic/Hyperthermophilic,0.999103,CS pos: 23-24. Pr: 0.3557,533,ULR55853.1,ULR55853.1,0.46554,0.63464,53.84615384615385,75.92592592592592,3.86,287,0.132
424188.0,ULR55875.1,GH5_1,1.1e-19,7.6e-23,69.8,37:285,248.0,Bacteria,ULR55875.1 cellulase family glycosylhydrolase [Streptomyces deccanensis],0.6848958990168501,Thermophilic/Hyperthermophilic,0.999226,CS pos: 17-18. Pr: 0.9768,532,ULR55875.1,ULR55875.1,0.46657,0.63487,53.94736842105263,75.92592592592592,3.85,287,0.146
351607.0,ABK51910.1,GH6,5e-40,4.699999999999999e-43,134.8,57:274,217.0,Bacteria,ABK51910.1 Cellulase [Acidothermus cellulolyticus 11B],0.9318685379456132,Thermophilic/Hyperthermophilic,0.998892,CS pos: 29-30. Pr: 0.8837,469,A0LR50,A0LR50,0.61022,0.67321,68.86993603411514,76.54028436018957,3.51,323,0.279
351607.0,ABK51910.1,GH6,3.1e-18,2.9e-21,63.2,350:406,56.0,Bacteria,ABK51910.1 Cellulase [Acidothermus cellulolyticus 11B],0.9318685379456132,Thermophilic/Hyperthermophilic,0.998892,CS pos: 29-30. Pr: 0.8837,469,A0LR50,A0LR50,0.61022,0.67321,68.86993603411514,76.54028436018957,3.51,323,0.279
351607.0,ABK52390.1,GH48,3.8e-270,1.7000000000000002e-273,894.6,233:864,631.0,Bacteria,"ABK52390.1 cellulose 1,4-beta-cellobiosidase [Acidothermus cellulolyticus 11B]",0.9817344904668032,Thermophilic/Hyperthermophilic,0.998604,CS pos: 34-35. Pr: 0.9691,1121,A0LSI0,A0LSI0,0.54214,0.95143,54.68331846565566,96.38364779874212,1.09,613,0.546
351607.0,ABK53473.1,GH9,4.4e-159,4.1e-162,527.1,45:490,445.0,Bacteria,ABK53473.1 processive endocellulase [Acidothermus cellulolyticus 11B],0.9810683945608206,Thermophilic/Hyperthermophilic,0.998341,CS pos: 37-38. Pr: 0.9579,1137,A0LVL3,A0LVL3,0.34558,0.62494,37.37906772207564,70.24793388429752,3.51,425,0.195
1515.0,ABN51513.1,GH9,6.4e-145,3.5999999999999996e-147,480.9,30:450,420.0,Bacteria,ABN51513.1 glycoside hydrolase family 9 [Acetivibrio thermocellus ATCC 27405],0.5226476240235223,Thermophilic/Hyperthermophilic,0.999333,CS pos: 26-27. Pr: 0.9814,563,A3DC34,A3DC34,0.67553,0.6318,75.66607460035524,70.41322314049587,3.43,426,0.211
1515.0,ABN53395.1,GH5_2,1.2e-07,1.9e-10,28.9,102:182,80.0,Bacteria,ABN53395.1 Carbohydrate binding family 6 [Acetivibrio thermocellus ATCC 27405],0.8395288285399193,Thermophilic/Hyperthermophilic,0.999169,CS pos: 36-37. Pr: 0.9611,948,A3DHG6,A3DHG6,0.26738,0.7105,29.324894514767934,85.01529051987767,3.58,278,0.176
1515.0,ABN53960.1,GH9,6.9e-149,3.9e-151,494.0,29:453,424.0,Bacteria,ABN53960.1 glycoside hydrolase family 9 [Acetivibrio thermocellus ATCC 27405],0.6227705857759029,Thermophilic/Hyperthermophilic,0.999211,CS pos: 24-25. Pr: 0.9752,707,A3DJ31,A3DJ31,0.54071,0.62586,59.26449787835927,69.25619834710743,3.3,419,0.212
351627.0,ABP66693.1,GH9,8.699999999999999e-171,9.8e-174,565.9,41:460,419.0,Bacteria,"ABP66693.1 Cellulase., Cellulose 1,4-beta-cellobiosidase [Caldicellulosiruptor saccharolyticus DSM 8903]",0.959855752151951,Thermophilic/Hyperthermophilic,0.787434,CS pos: 37-38. Pr: 0.7694,1127,A4XIF8,A4XIF8,0.34688,0.62538,37.00088731144632,68.92561983471074,3.1,417,0.192
309799.0,ACI18413.1,GH5_4,2.1e-83,5.6e-86,276.5,55:322,267.0,Bacteria,ACI18413.1 endoglucanase B [Dictyoglomus thermophilum H-6-12],0.9639552055015383,Thermophilic/Hyperthermophilic,0.999203,CS pos: 22-23. Pr: 0.9766,545,B5YFI6,B5YFI6,0.57145,0.87892,59.082568807339456,92.0,1.66,322,0.363
309799.0,ACI19111.1,GH12,2.4e-20,1.2e-23,69.8,116:287,171.0,Bacteria,ACI19111.1 endoglucanase [Dictyoglomus thermophilum H-6-12],0.9710077393083082,Thermophilic/Hyperthermophilic,0.999025,CS pos: 20-21. Pr: 0.9691,288,B5YCT9,B5YCT9,0.85393,0.90948,88.19444444444444,94.07407407407408,1.36,254,0.354
309799.0,ACI19692.1,GH5_25,2.9000000000000002e-126,7.5e-129,417.1,28:305,277.0,Bacteria,ACI19692.1 endoglucanase H [Dictyoglomus thermophilum H-6-12],0.8082102825810379,Thermophilic/Hyperthermophilic,0.999146,CS pos: 21-22. Pr: 0.9747,332,B5YCX9,B5YCX9,0.90328,0.68845,92.1686746987952,70.0228832951945,1.23,306,0.48
515635.0,ACK41916.1,GH12,1.3e-20,7.4e-24,70.5,116:286,170.0,Bacteria,ACK41916.1 glycoside hydrolase family 12 [Dictyoglomus turgidum DSM 6724],0.970961116445478,Thermophilic/Hyperthermophilic,0.998935,CS pos: 20-21. Pr: 0.9614,288,B8DZI3,B8DZI3,0.85233,0.90768,88.19444444444444,94.07407407407408,1.38,254,0.335
515635.0,ACK41954.1,GH5_25,3.6e-125,1e-127,413.4,28:305,277.0,Bacteria,ACK41954.1 Cellulase [Dictyoglomus turgidum DSM 6724],0.9445377795594272,Thermophilic/Hyperthermophilic,0.999144,CS pos: 21-22. Pr: 0.9651,332,B8DZM1,B8DZM1,0.90526,0.68998,92.46987951807228,70.25171624713958,1.37,307,0.479
515635.0,ACK42859.1,GH5_4,2.8999999999999997e-84,8.3e-87,279.2,55:322,267.0,Bacteria,ACK42859.1 Cellulase [Dictyoglomus turgidum DSM 6724],0.980187974368568,Thermophilic/Hyperthermophilic,0.832548,CS pos: 22-23. Pr: 0.8092,545,B8E2L5,B8E2L5,0.57079,0.87751,59.082568807339456,92.0,1.69,322,0.363
490899.0,ACL10732.1,GH5_1,8.4e-07,5.7e-10,24.9,63:272,209.0,Archaea,"ACL10732.1 arabinogalactan endo-1,4-beta-galactosidase, putative [Desulfurococcus amylolyticus 1221n]",0.9759718282316824,Thermophilic/Hyperthermophilic,0.607745,CS pos: 28-29. Pr: 0.3171,805,B8D3Q1,B8D3Q1,0.28195,0.53613,34.285714285714285,73.01587301587301,5.06,276,0.08
309803.0,ACM23283.1,GH12,8.9e-26,9.2e-29,87.4,103:272,169.0,Bacteria,"ACM23283.1 Endo-1,4-beta-glucanase B [Thermotoga neapolitana DSM 4359]",0.7084692778750227,Thermophilic/Hyperthermophilic,0.999172,CS pos: 17-18. Pr: 0.9822,274,B9K8K0,B9K8K0,0.88646,0.89927,91.97080291970804,93.33333333333331,1.54,252,0.373
53635.0,ACU54908.1,GH5_2,1.5e-18,1.5e-21,64.0,70:326,256.0,Bacteria,ACU54908.1 cellulose-binding family II [Acidimicrobium ferrooxidans DSM 10331],0.9746820664910985,Thermophilic/Hyperthermophilic,0.998923,CS pos: 28-29. Pr: 0.8853,1194,C7M2B9,C7M2B9,0.22949,0.77666,24.288107202680067,88.68501529051987,2.97,290,0.2
518766.0,ACY46934.1,GH5_2,3.9e-29,1.4e-32,99.1,58:321,263.0,Bacteria,ACY46934.1 glycoside hydrolase family 5 [Rhodothermus marinus DSM 4252],0.8865682117605229,Thermophilic/Hyperthermophilic,0.832864,CS pos: 17-18. Pr: 0.8184,358,D0MK21,D0MK21,0.72477,0.7883,80.44692737430168,88.07339449541286,2.63,288,0.215
518766.0,ACY46985.1,GH9,1.1e-09,1.2e-12,35.2,549:780,231.0,Bacteria,ACY46985.1 glycoside hydrolase family 9 [Rhodothermus marinus DSM 4252],0.999990945104952,Thermophilic/Hyperthermophilic,0.99913,CS pos: 18-19. Pr: 0.9766,837,D0MK72,D0MK72,0.55546,0.75372,59.97610513739546,82.97520661157026,2.97,502,0.219
471852.0,ACY97312.1,GH6,2.0999999999999998e-55,4.3e-59,186.5,67:388,321.0,Bacteria,ACY97312.1 glycoside hydrolase family 6 [Thermomonospora curvata DSM 43183],0.9821952594367784,Thermophilic/Hyperthermophilic,0.996233,CS pos: 41-42. Pr: 0.9696,419,D1AC46,D1AC46,0.68279,0.67828,76.84964200477327,76.30331753554502,3.16,322,0.276
469371.0,ADG87082.1,GH12,1.9e-43,5.5e-47,145.5,122:264,142.0,Bacteria,ADG87082.1 glycoside hydrolase family 12 [Thermobispora bispora DSM 43833],0.9548836957245244,Thermophilic/Hyperthermophilic,0.998566,CS pos: 41-42. Pr: 0.9628,393,D6Y3Q3,D6Y3Q3,0.52623,0.74658,57.50636132315522,83.7037037037037,2.56,226,0.181
469371.0,ADG87649.1,GH5_1,1.3e-20,1.1e-23,71.6,38:290,252.0,Bacteria,ADG87649.1 cellulose-binding family II [Thermobispora bispora DSM 43833],0.7257353225924822,Thermophilic/Hyperthermophilic,0.999297,CS pos: 28-29. Pr: 0.9772,460,D6Y754,D6Y754,0.53094,0.63337,61.95652173913043,75.39682539682539,3.74,285,0.165
469371.0,ADG88849.1,GH48,5.399999999999999e-289,1.5e-292,957.6,158:781,623.0,Bacteria,ADG88849.1 glycoside hydrolase family 48 [Thermobispora bispora DSM 43833],0.7449555690507274,Thermophilic/Hyperthermophilic,0.997258,CS pos: 12-13. Pr: 0.9657,785,D6Y2K0,D6Y2K0,0.77707,0.9576,78.47133757961784,96.85534591194968,1.04,616,0.555
469371.0,ADG89357.1,GH6,3.9000000000000005e-67,2.2e-70,224.5,208:492,284.0,Bacteria,ADG89357.1 glycoside hydrolase family 6 [Thermobispora bispora DSM 43833],0.6990737508015525,Thermophilic/Hyperthermophilic,0.998387,CS pos: 39-40. Pr: 0.9658,611,D6Y5G2,D6Y5G2,0.66021,0.95115,67.10310965630114,97.1563981042654,1.19,410,0.741
469371.0,ADG89529.1,GH6,2e-62,1.1e-65,209.1,44:307,263.0,Bacteria,ADG89529.1 glycoside hydrolase family 6 [Thermobispora bispora DSM 43833],0.9036146022130844,Thermophilic/Hyperthermophilic,0.998331,CS pos: 34-35. Pr: 0.9589,456,D6Y6N8,D6Y6N8,0.57163,0.61518,61.622807017543856,66.58767772511848,2.42,281,0.26
749414.0,ADI05235.1,GH9,3.2e-119,1.3000000000000001e-122,397.9,136:604,468.0,Bacteria,ADI05235.1 endoglucanase [Streptomyces bingchenggensis BCW-1],0.9529715850892744,Thermophilic/Hyperthermophilic,0.999072,CS pos: 32-33. Pr: 0.9903,610,D7BT20,D7BT20,0.91459,0.92205,93.11475409836063,93.88429752066116,1.25,568,0.486
749414.0,ADI06662.1,GH6,3.1000000000000003e-57,2.5e-60,193.5,42:307,265.0,Bacteria,ADI06662.1 glycoside hydrolase family 6 [Streptomyces bingchenggensis BCW-1],0.7285589221343473,Thermophilic/Hyperthermophilic,0.99911,CS pos: 28-29. Pr: 0.9734,317,D7CCE3,D7CCE3,0.80986,0.61897,89.27444794952682,67.06161137440758,2.42,283,0.258
749414.0,ADI09008.1,GH6,2.7e-56,2.1e-59,190.4,49:312,263.0,Bacteria,ADI09008.1 endoglucanase [Streptomyces bingchenggensis BCW-1],0.9842725565044376,Thermophilic/Hyperthermophilic,0.832487,CS pos: 13-14. Pr: 0.7939,323,D7CGA4,D7CGA4,0.7948,0.6175,86.9969040247678,66.58767772511848,2.38,281,0.274
749414.0,ADI09891.1,GH5_5,2.2e-08,2e-11,32.8,74:228,154.0,Bacteria,ADI09891.1 putative hydrolase [Streptomyces bingchenggensis BCW-1],0.8347448168452132,Thermophilic/Hyperthermophilic,0.998376,CS pos: 47-48. Pr: 0.9533,360,D7BZI6,D7BZI6,0.66545,0.71352,78.88888888888889,85.28528528528528,3.65,284,0.155
749414.0,ADI10021.1,GH48,7.6e-287,7.6e-291,952.0,329:957,628.0,Bacteria,"ADI10021.1 cellulose 1,4-beta-cellobiosidase [Streptomyces bingchenggensis BCW-1]",0.8792010642935497,Thermophilic/Hyperthermophilic,0.997026,CS pos: 25-26. Pr: 0.9640,959,D7C1F6,D7C1F6,0.63623,0.95679,64.12930135557873,96.69811320754717,1.02,615,0.556
749414.0,ADI12268.1,GH5_1,7.3e-21,3.599999999999999e-24,73.9,55:301,246.0,Bacteria,ADI12268.1 putative glycosylhydrolase [Streptomyces bingchenggensis BCW-1],0.8345047839435384,Thermophilic/Hyperthermophilic,0.999224,CS pos: 29-30. Pr: 0.9817,550,D7C3Q2,D7C3Q2,0.45221,0.6341,52.18181818181819,75.92592592592592,3.85,287,0.16
749414.0,ADI12317.1,GH44,3.5e-85,3.5000000000000004e-89,285.8,38:562,524.0,Bacteria,ADI12317.1 endoglucanase [Streptomyces bingchenggensis BCW-1],0.9175921325699732,Thermophilic/Hyperthermophilic,0.666056,CS pos: 25-26. Pr: 0.6511,798,D7C3V1,D7C3V1,0.56992,0.88138,59.14786967418546,92.73084479371316,2.02,472,0.324
749414.0,ADI13081.1,GH5_4,9e-85,6.3e-88,283.3,78:359,281.0,Bacteria,ADI13081.1 glycoside hydrolase family 5 [Streptomyces bingchenggensis BCW-1],0.5993144632303705,Thermophilic/Hyperthermophilic,0.998895,CS pos: 38-39. Pr: 0.9568,584,D7CF65,D7CF65,0.53068,0.86819,55.650684931506845,92.85714285714286,2.08,325,0.298
749414.0,ADI13085.1,GH6,5.8e-56,4.7e-59,189.3,42:305,263.0,Bacteria,ADI13085.1 putative cellulase CelA1 [Streptomyces bingchenggensis BCW-1],0.7039090826303095,Thermophilic/Hyperthermophilic,0.99915,CS pos: 27-28. Pr: 0.9763,321,D7CF69,D7CF69,0.81244,0.62836,89.7196261682243,68.24644549763033,2.48,288,0.24
591019.0,ADI31911.1,GH5_1,2e-116,1.3e-119,385.1,63:382,319.0,Archaea,ADI31911.1 Cellulase [Staphylothermus hellenicus DSM 12710],0.6643923453901012,Thermophilic/Hyperthermophilic,0.94229,CS pos: 28-29. Pr: 0.9451,453,D7D815,D7D815,0.76233,0.91227,77.04194260485652,92.32804232804232,0.94,349,0.613
608506.0,ADL41864.1,GH5_2,7e-93,9.699999999999999e-96,307.3,70:319,249.0,Bacteria,ADL41864.1 glycoside hydrolase family 5 [Caldicellulosiruptor obsidiansis OB47],0.8266909144376192,Thermophilic/Hyperthermophilic,0.999043,CS pos: 29-30. Pr: 0.9666,568,D9TIN2,D9TIN2,0.5149,0.87735,53.69718309859155,93.27217125382263,1.94,305,0.344
608506.0,ADL42951.1,GH5_1,3.8e-120,5.2000000000000006e-123,397.8,862:1202,340.0,Bacteria,"ADL42951.1 Cellulose 1,4-beta-cellobiosidase [Caldicellulosiruptor obsidiansis OB47]",0.9097258240145932,Thermophilic/Hyperthermophilic,0.975861,CS pos: 36-37. Pr: 0.8924,1265,D9TFI1,D9TFI1,0.2748,0.88565,28.379446640316207,94.97354497354496,2.34,359,0.351
632518.0,ADQ04043.1,GH5_2,4.1e-95,1.9e-98,314.6,70:319,249.0,Bacteria,ADQ04043.1 glycoside hydrolase family 5 [Caldicellulosiruptor owensensis OL],0.5269865913182022,Thermophilic/Hyperthermophilic,0.998962,CS pos: 29-30. Pr: 0.9534,567,E4Q408,E4Q408,0.51595,0.87773,53.79188712522046,93.27217125382263,1.93,305,0.338
632292.0,ADQ07774.1,GH5_2,2.3e-93,2.7999999999999997e-96,309.1,70:319,249.0,Bacteria,ADQ07774.1 glycoside hydrolase family 5 [Caldicellulosiruptor hydrothermalis 108],0.6940894052966577,Thermophilic/Hyperthermophilic,0.977338,CS pos: 29-30. Pr: 0.8766,755,E4QEF5,E4QEF5,0.39028,0.87741,40.397350993377486,93.27217125382263,1.94,305,0.341
301953.0,ADQ41479.1,GH5_2,1.1e-94,4.3e-98,313.5,70:319,249.0,Bacteria,ADQ41479.1 glycoside hydrolase family 5 [Caldicellulosiruptor acetigenus I77R1B],0.8165761822021308,Thermophilic/Hyperthermophilic,0.914926,CS pos: 29-30. Pr: 0.7595,755,E4S4X9,E4S4X9,0.3902,0.87704,40.397350993377486,93.27217125382263,1.94,305,0.341
632348.0,ADQ45730.1,GH5_1,8.6e-120,1.7000000000000002e-122,396.8,818:1158,340.0,Bacteria,"ADQ45730.1 Mannan endo-1,4-beta-mannosidase [Caldicellulosiruptor kronotskyensis 2002]",0.9085068272681084,Thermophilic/Hyperthermophilic,0.999101,CS pos: 38-39. Pr: 0.9693,1221,E4SDC1,E4SDC1,0.28463,0.88649,29.4021294021294,94.97354497354496,2.32,359,0.362
632348.0,ADQ45730.1,GH5_1,7.7e-47,1.5999999999999998e-49,157.2,51:297,246.0,Bacteria,"ADQ45730.1 Mannan endo-1,4-beta-mannosidase [Caldicellulosiruptor kronotskyensis 2002]",0.9085068272681084,Thermophilic/Hyperthermophilic,0.999101,CS pos: 38-39. Pr: 0.9693,1221,E4SDC1,E4SDC1,0.28463,0.88649,29.4021294021294,94.97354497354496,2.32,359,0.362
632348.0,ADQ45731.1,GH9,1.8e-170,2.9e-173,564.8,41:460,419.0,Bacteria,ADQ45731.1 Cellulase [Caldicellulosiruptor kronotskyensis 2002],0.7931227729989213,Thermophilic/Hyperthermophilic,0.799367,CS pos: 37-38. Pr: 0.7569,779,E4SDC2,E4SDC2,0.49293,0.62535,53.53016688061617,68.92561983471074,3.12,417,0.192
697281.0,AEE96307.1,GH9,2.1e-166,1.5e-169,551.6,37:469,432.0,Bacteria,AEE96307.1 glycoside hydrolase family 9 [Mahella australiensis 50-1 BON],0.6156302711632429,Thermophilic/Hyperthermophilic,0.999009,CS pos: 33-34. Pr: 0.9651,846,F4A374,F4A374,0.4572,0.626,50.0,69.91735537190083,3.43,423,0.194
697281.0,AEE96308.1,GH48,6.8999999999999995e-279,2.4e-282,923.9,42:665,623.0,Bacteria,AEE96308.1 glycoside hydrolase family 48 [Mahella australiensis 50-1 BON],0.6486672797450085,Thermophilic/Hyperthermophilic,0.832455,CS pos: 32-33. Pr: 0.8023,867,F4A375,F4A375,0.71031,0.9664,71.62629757785467,97.64150943396226,1.03,621,0.549
697281.0,AEE96311.1,GH5_4,3.8999999999999996e-90,8.2e-93,299.1,60:343,283.0,Bacteria,AEE96311.1 glycoside hydrolase family 5 [Mahella australiensis 50-1 BON],0.598420926501616,Thermophilic/Hyperthermophilic,0.99917,CS pos: 32-33. Pr: 0.9735,765,F4A378,F4A378,0.4111,0.87709,42.61437908496732,93.14285714285714,2.09,326,0.325
697281.0,AEE96314.1,GH9,2.7999999999999996e-135,1.8999999999999998e-138,449.0,38:470,432.0,Bacteria,AEE96314.1 glycoside hydrolase family 9 [Mahella australiensis 50-1 BON],0.6599788531195487,Thermophilic/Hyperthermophilic,0.999044,CS pos: 32-33. Pr: 0.9628,851,F4A381,F4A381,0.44653,0.61507,48.766157461809634,68.59504132231406,3.44,415,0.217
2587410.0,AEO62210.1,GH6,9.1e-129,1.9e-132,428.4,137:447,310.0,Eukaryota,AEO62210.1 glycoside hydrolase family 6 protein [Thermothielavioides terrestris NRRL 8126],0.6951178155265675,Thermophilic/Hyperthermophilic,0.999796,CS pos: 24-25. Pr: 0.7916,481,G2QW39,G2QW39,0.68622,0.7781,72.34927234927235,82.46445497630332,2.0,348,0.359
2587410.0,AEO67421.1,GH7,2.5e-143,1.3e-146,476.9,23:397,374.0,Eukaryota,AEO67421.1 glycoside hydrolase family 7 protein [Thermothielavioides terrestris NRRL 8126],0.5214534859517854,Thermophilic/Hyperthermophilic,0.999842,CS pos: 22-23. Pr: 0.9829,464,G2R8K6,G2R8K6,0.745,0.79446,78.66379310344827,84.10138248847926,2.04,365,0.474
2587410.0,AEO67907.1,GH5_1,7.3e-13,1e-15,47.6,110:307,197.0,Eukaryota,AEO67907.1 glycoside hydrolase family 5 protein [Thermothielavioides terrestris NRRL 8126],0.7062614122417623,Thermophilic/Hyperthermophilic,0.999415,CS pos: 16-17. Pr: 0.9697,448,G2R7J8,G2R7J8,0.57905,0.67368,68.75,81.48148148148148,3.99,308,0.114
2587410.0,AEO69079.1,GH12,5.7e-15,1.7e-18,54.6,103:235,132.0,Eukaryota,AEO69079.1 glycosyltransferase family 2 protein [Thermothielavioides terrestris NRRL 8126],0.9205657470757737,Thermophilic/Hyperthermophilic,0.999843,CS pos: 20-21. Pr: 0.9788,903,G2RBA8,G2RBA8,0.21364,0.6595,22.92358803986711,76.66666666666667,3.09,207,0.15
2587410.0,AEO70679.1,GH5_5,3.4999999999999997e-115,2.5e-118,382.9,89:367,278.0,Eukaryota,AEO70679.1 glycoside hydrolase family 5 protein [Thermothielavioides terrestris NRRL 8126],0.5469402975636408,Thermophilic/Hyperthermophilic,0.997501,CS pos: 16-17. Pr: 0.9322,390,G2RCT3,G2RCT3,0.72635,0.8449,77.17948717948718,90.39039039039038,2.1,301,0.309
720554.0,AEV67086.1,GH5_4,3.1000000000000003e-106,2.4e-109,352.4,71:348,277.0,Bacteria,AEV67086.1 endoglucanase [Acetivibrio clariflavus DSM 19732],0.569341882722377,Thermophilic/Hyperthermophilic,0.999078,CS pos: 31-32. Pr: 0.9707,818,G8M2L2,G8M2L2,0.42489,0.98884,42.78728606356968,100.0,0.97,350,0.791
720554.0,AEV68203.1,GH9,2.1999999999999998e-147,8.6e-150,489.3,29:453,424.0,Bacteria,AEV68203.1 thioredoxin domain protein [Acetivibrio clariflavus DSM 19732],0.8083938974504881,Thermophilic/Hyperthermophilic,0.999242,CS pos: 24-25. Pr: 0.9734,710,G8M2T9,G8M2T9,0.53651,0.62341,58.732394366197184,68.92561983471074,3.21,417,0.206
720554.0,AEV68415.1,GH9,1.9e-141,7.2e-144,469.8,40:512,472.0,Bacteria,AEV68415.1 dockerin-like protein [Acetivibrio clariflavus DSM 19732],0.5806710058892265,Thermophilic/Hyperthermophilic,0.999084,CS pos: 35-36. Pr: 0.9739,796,G8LU27,G8LU27,0.51055,0.65961,56.15577889447236,73.88429752066116,3.43,447,0.213
720554.0,AEV68472.1,GH9,8.300000000000001e-133,3.2e-135,441.3,37:516,479.0,Bacteria,"AEV68472.1 Cellulose binding domain-containing protein,dockerin-like protein [Acetivibrio clariflavus DSM 19732]",0.5646245512896673,Thermophilic/Hyperthermophilic,0.999185,CS pos: 33-34. Pr: 0.9724,955,G8LUU2,G8LUU2,0.42135,0.64601,46.17801047120419,72.89256198347107,3.74,441,0.193
591197.0,AFH50296.1,GH5_1,4.5e-18,2.8e-21,63.1,79:343,264.0,Bacteria,AFH50296.1 Endoglucanase [Ignavibacterium album JCM 16511],0.7923623015051097,Thermophilic/Hyperthermophilic,0.9992,CS pos: 25-26. Pr: 0.9753,409,I0AMT9,I0AMT9,0.63395,0.6816,72.12713936430319,78.04232804232805,3.3,295,0.214
94694.0,AFL66263.1,GH5_1,2e-06,1.4e-09,23.7,66:267,201.0,Archaea,"AFL66263.1 Arabinogalactan endo-1,4-beta-galactosidase [Desulfurococcus amylolyticus DSM 16532]",0.978253696508411,Thermophilic/Hyperthermophilic,0.999102,CS pos: 29-30. Pr: 0.9818,808,I3XQN9,I3XQN9,0.28137,0.53612,34.28217821782179,73.28042328042328,5.1,277,0.087
1191523.0,AFN73747.1,GH5_2,9.5e-26,6.7e-29,88.0,60:317,257.0,Bacteria,AFN73747.1 glycoside hydrolase family protein [Melioribacter roseus P3M-2],0.7885102636453494,Thermophilic/Hyperthermophilic,0.999085,CS pos: 22-23. Pr: 0.9712,352,I6YT63,I6YT63,0.73005,0.78165,81.25,87.46177370030581,2.7,286,0.196
1191523.0,AFN76067.1,GH9,3.4e-10,6e-13,36.9,424:832,408.0,Bacteria,AFN76067.1 glycoside hydrolase family 9 domain protein [Melioribacter roseus P3M-2],0.6780405696411467,Thermophilic/Hyperthermophilic,0.999058,CS pos: 20-21. Pr: 0.9711,842,I6YZR7,I6YZR7,0.55682,0.76007,60.33254156769596,83.96694214876032,3.17,508,0.177
1510.0,AGC68874.1,GH48,0.0,0.0,1057.6,39:654,615.0,Bacteria,AGC68874.1 exoglucanase-2 [Thermoclostridium stercorarium subsp. stercorarium DSM 8532],0.5367084547141459,Thermophilic/Hyperthermophilic,0.951988,CS pos: 34-35. Pr: 0.9512,914,P50900,P50900,0.66755,0.95724,67.28665207877462,96.69811320754717,1.05,615,0.623
195522.0,AHL22547.1,GH5_25,7.2e-17,3.2e-20,58.5,82:271,189.0,Archaea,AHL22547.1 hypothetical protein BD01_0925 [Thermococcus nautili],0.767026986706551,Thermophilic/Hyperthermophilic,0.997459,CS pos: 22-23. Pr: 0.9570,349,W8NTT4,W8NTT4,0.73043,0.59055,79.65616045845272,63.61556064073226,2.37,278,0.169
1677857.0,AUG56624.1,GH5_1,1.2e-57,1.5e-60,193.1,47:284,237.0,Bacteria,AUG56624.1 Endoglucanase E1 precursor [Acetivibrio saccincola],0.6942046869885371,Thermophilic/Hyperthermophilic,0.999233,CS pos: 30-31. Pr: 0.9689,560,A0A2K9E9D1,A0A2K9E9D1,0.61488,0.89683,65.0,96.29629629629628,2.38,364,0.332
1677857.0,AUG56624.1,GH5_1,5.7e-45,7.3e-48,151.4,292:419,127.0,Bacteria,AUG56624.1 Endoglucanase E1 precursor [Acetivibrio saccincola],0.6942046869885371,Thermophilic/Hyperthermophilic,0.999233,CS pos: 30-31. Pr: 0.9689,560,A0A2K9E9D1,A0A2K9E9D1,0.61488,0.89683,65.0,96.29629629629628,2.38,364,0.332
1677857.0,AUG56787.1,GH9,1.0999999999999999e-148,4.8e-151,493.4,29:453,424.0,Bacteria,AUG56787.1 Endoglucanase G precursor [Acetivibrio saccincola],0.5438110432602051,Thermophilic/Hyperthermophilic,0.999339,CS pos: 24-25. Pr: 0.9751,706,A0A2K9DZ41,A0A2K9DZ41,0.53972,0.62395,59.06515580736544,68.92561983471074,3.24,417,0.225
1677857.0,AUG56926.1,GH9,1.3e-127,5.800000000000001e-130,423.9,40:518,478.0,Bacteria,AUG56926.1 Endoglucanase 1 precursor [Acetivibrio saccincola],0.8054408615736841,Thermophilic/Hyperthermophilic,0.832373,CS pos: 33-34. Pr: 0.6470,948,A0A2K9E635,A0A2K9E635,0.42134,0.64129,46.20253164556962,72.39669421487604,3.72,438,0.194
1677857.0,AUG57328.1,GH9,2.1e-173,9.4e-176,574.8,30:461,431.0,Bacteria,AUG57328.1 Endoglucanase Z precursor [Acetivibrio saccincola],0.6714203923855205,Thermophilic/Hyperthermophilic,0.999148,CS pos: 26-27. Pr: 0.9525,740,A0A2K9E4J1,A0A2K9E4J1,0.52722,0.63632,58.108108108108105,71.07438016528926,3.38,430,0.212
1677857.0,AUG57358.1,GH9,9.4e-170,4.2e-172,562.7,29:462,433.0,Bacteria,AUG57358.1 Endoglucanase 1 precursor [Acetivibrio saccincola],0.7957433410595359,Thermophilic/Hyperthermophilic,0.999261,CS pos: 26-27. Pr: 0.9757,739,A0A2K9E4M4,A0A2K9E4M4,0.52874,0.63751,58.18673883626523,71.07438016528926,3.36,430,0.202
1677857.0,AUG57562.1,GH9,1.4e-149,6.2e-152,496.3,49:471,422.0,Bacteria,AUG57562.1 Endoglucanase 1 precursor [Acetivibrio saccincola],0.8688916648607578,Thermophilic/Hyperthermophilic,0.999145,CS pos: 38-39. Pr: 0.9693,738,A0A2K9E1B7,A0A2K9E1B7,0.52869,0.63709,57.58807588075881,70.24793388429752,3.05,425,0.198
1677857.0,AUG57808.1,GH9,3.1e-133,1.3999999999999998e-135,442.4,39:510,471.0,Bacteria,AUG57808.1 Endoglucanase 1 precursor [Acetivibrio saccincola],0.5739107344169334,Thermophilic/Hyperthermophilic,0.999144,CS pos: 35-36. Pr: 0.9612,785,A0A2K9E601,A0A2K9E601,0.51696,0.6589,57.19745222929936,74.21487603305785,3.56,449,0.209
1677857.0,AUG57819.1,GH5_4,2.8e-103,3.6e-106,342.4,64:340,276.0,Bacteria,AUG57819.1 Endoglucanase E precursor [Acetivibrio saccincola],0.6780165426752336,Thermophilic/Hyperthermophilic,0.998774,CS pos: 31-32. Pr: 0.9547,464,A0A2K9E379,A0A2K9E379,0.73381,0.97168,73.70689655172413,97.71428571428572,0.52,342,0.681
454194.0,CDM67132.1,GH5_25,7.7e-37,4.8e-40,124.5,45:265,220.0,Bacteria,CDM67132.1 endoglucanase [Pyrinomonas methylaliphatogenes],0.8534850034964012,Thermophilic/Hyperthermophilic,0.999173,CS pos: 32-33. Pr: 0.9670,388,A0A0B6X2F4,A0A0B6X2F4,0.75989,0.67796,81.18556701030928,72.08237986270024,2.3,315,0.254
454194.0,CDM67132.1,GH5_25,3.4e-09,2.1e-12,33.8,274:359,85.0,Bacteria,CDM67132.1 endoglucanase [Pyrinomonas methylaliphatogenes],0.8534850034964012,Thermophilic/Hyperthermophilic,0.999173,CS pos: 32-33. Pr: 0.9670,388,A0A0B6X2F4,A0A0B6X2F4,0.75989,0.67796,81.18556701030928,72.08237986270024,2.3,315,0.254
1564487.0,CRZ35394.1,GH48,0.0,0.0,1053.2,41:656,615.0,Bacteria,CRZ35394.1 Exoglucanase-2 [Herbinix hemicellulosilytica],0.5702246176270557,Thermophilic/Hyperthermophilic,0.999175,CS pos: 36-37. Pr: 0.9718,936,A0A0H5SIS2,A0A0H5SIS2,0.65244,0.9579,65.8119658119658,96.85534591194968,1.15,616,0.635
209285.0,EGS18473.1,GH6,5.1e-131,2.1000000000000001e-134,435.3,132:442,310.0,Eukaryota,"EGS18473.1 cellulose 1,4-beta-cellobiosidase II-like protein [Thermochaetoides thermophila DSM 1495]",0.6031412052011513,Thermophilic/Hyperthermophilic,0.999794,CS pos: 24-25. Pr: 0.9352,476,G0SD43,G0SD43,0.69273,0.7776,73.10924369747899,82.46445497630332,2.01,348,0.353
209285.0,EGS20050.1,GH45,8.8e-89,2.5e-92,295.7,23:220,197.0,Eukaryota,EGS20050.1 cellulase-like protein [Thermochaetoides thermophila DSM 1495],0.7424544700871661,Thermophilic/Hyperthermophilic,0.999825,CS pos: 21-22. Pr: 0.9731,314,G0S9D9,G0S9D9,0.35575,0.5943,39.490445859872615,69.27374301675978,2.47,124,0.266
209285.0,EGS20370.1,GH12,1.3e-16,1.8e-20,59.6,118:268,150.0,Eukaryota,EGS20370.1 hypothetical protein CTHT_0021970 [Thermochaetoides thermophila DSM 1495],0.8411907833387738,Thermophilic/Hyperthermophilic,0.999826,CS pos: 22-23. Pr: 0.9764,908,G0S3Z4,G0S3Z4,0.23552,0.73223,25.0,84.07407407407408,2.69,227,0.154
1670455.0,GGT92508.1,GH12,3.9e-06,3.5e-09,24.0,332:426,94.0,Archaea,GGT92508.1 hypothetical protein GCM10007116_07820 [Sulfodiicoccus acidiphilus],0.947777291079131,Thermophilic/Hyperthermophilic,0.999271,CS pos: 22-23. Pr: 0.9677,570,A0A348B5S7,A0A348B5S7,0.4137,0.84476,43.50877192982456,91.85185185185183,2.17,248,0.21
1670455.0,GGT94270.1,GH12,2.4e-08,2.1e-11,31.1,147:316,169.0,Archaea,GGT94270.1 hypothetical protein GCM10007116_09820 [Sulfodiicoccus acidiphilus],0.8838717715576141,Thermophilic/Hyperthermophilic,0.773129,CS pos: 25-26. Pr: 0.3671,325,A0A348B1Z5,A0A348B1Z5,0.72751,0.8659,79.07692307692308,95.1851851851852,2.27,257,0.249
176598.0,KAF1690705.1,GH9,1.3e-19,1e-22,67.8,357:811,454.0,Bacteria,KAF1690705.1 glycoside hydrolase [Pseudoxanthomonas taiwanensis],0.9930351687778524,Thermophilic/Hyperthermophilic,0.999048,CS pos: 26-27. Pr: 0.9724,826,A0A921P0D6,A0A921P0D6,0.57279,0.7673,62.10653753026635,84.79338842975207,3.08,513,0.179
176598.0,KAF1690986.1,GH9,7e-103,5.2e-106,342.2,120:571,451.0,Bacteria,KAF1690986.1 cellulase [Pseudoxanthomonas taiwanensis],0.9916306655439384,Thermophilic/Hyperthermophilic,0.999125,CS pos: 28-29. Pr: 0.9737,691,A0A921TH63,A0A921TH63,0.74578,0.84794,78.43704775687411,89.58677685950414,2.37,542,0.319
68825.0,KKA17010.1,GH5_4,5.4e-66,5.5e-69,221.7,114:384,270.0,Eukaryota,KKA17010.1 Cellulase [Rasamsonia emersonii CBS 393.64],0.7440807264951186,Thermophilic/Hyperthermophilic,0.999079,CS pos: 18-19. Pr: 0.9536,632,A0A0F4YFW2,A0A0F4YFW2,0.4884,0.86757,50.4746835443038,91.14285714285715,1.8,319,0.313
68825.0,KKA21438.1,GH12,5.6e-42,5.6999999999999995e-46,142.2,100:249,149.0,Eukaryota,"KKA21438.1 Xyloglucan-specific endo-beta-1,4-glucanase [Rasamsonia emersonii CBS 393.64]",0.6269867978998432,Thermophilic/Hyperthermophilic,0.999837,CS pos: 30-31. Pr: 0.7939,252,A0A0F4YUX9,A0A0F4YUX9,0.75186,0.70583,85.31746031746032,79.62962962962963,2.52,215,0.149
68825.0,KKA22890.1,GH45,3.8e-60,3.8e-64,202.7,22:221,199.0,Eukaryota,KKA22890.1 Endoglucanase [Rasamsonia emersonii CBS 393.64],0.7775789628075358,Thermophilic/Hyperthermophilic,0.999844,CS pos: 20-21. Pr: 0.9749,222,A0A0F4YXS6,A0A0F4YXS6,0.47405,0.57641,53.6036036036036,66.4804469273743,2.47,119,0.202
68825.0,KKA23812.1,GH6,6.4e-133,6.5e-137,442.0,116:425,309.0,Eukaryota,"KKA23812.1 Cellulose 1,4-beta-cellobiosidase (non-reducing end) [Rasamsonia emersonii CBS 393.64]",0.6573918772916394,Thermophilic/Hyperthermophilic,0.99967,CS pos: 19-20. Pr: 0.9783,459,A0A0F4YZV4,A0A0F4YZV4,0.71572,0.77582,75.59912854030502,82.22748815165876,1.99,347,0.375
35825.0,KNY25262.1,GH9,1.3000000000000002e-145,9.4e-148,484.1,29:451,422.0,Bacteria,KNY25262.1 Cellulase [Pseudobacteroides cellulosolvens ATCC 35603 = DSM 2933],0.5576621488441614,Thermophilic/Hyperthermophilic,0.999252,CS pos: 24-25. Pr: 0.9743,799,A0A0L6JII5,A0A0L6JII5,0.48621,0.63159,52.816020025031285,69.75206611570248,3.16,422,0.199
35825.0,KNY25560.1,GH9,1.4999999999999998e-147,1e-149,490.5,30:452,422.0,Bacteria,KNY25560.1 Cellulase [Pseudobacteroides cellulosolvens ATCC 35603 = DSM 2933],0.7244739324658458,Thermophilic/Hyperthermophilic,0.999261,CS pos: 25-26. Pr: 0.9733,808,A0A0L6JIK3,A0A0L6JIK3,0.48153,0.63235,52.22772277227723,69.75206611570248,3.17,422,0.201
35825.0,KNY26068.1,GH9,5.899999999999999e-173,4.1e-175,574.2,36:467,431.0,Bacteria,KNY26068.1 Cellulase [Pseudobacteroides cellulosolvens ATCC 35603 = DSM 2933],0.6456236443506236,Thermophilic/Hyperthermophilic,0.99924,CS pos: 32-33. Pr: 0.9761,832,A0A0L6JK23,A0A0L6JK23,0.46908,0.63194,51.442307692307686,70.74380165289256,3.45,428,0.196
872965.0,KPL88393.1,GH9,4.2e-170,1.5999999999999998e-173,563.6,36:473,437.0,Bacteria,KPL88393.1 endoglucanase [Ardenticatena maritima],0.992721649278755,Thermophilic/Hyperthermophilic,0.75398,CS pos: 32-33. Pr: 0.6653,813,A0A0P6YDE7,A0A0P6YDE7,0.47422,0.62469,52.27552275522756,70.24793388429752,3.52,425,0.202
872965.0,KPL88683.1,GH5_1,9.5e-119,1.0999999999999999e-121,393.4,38:362,324.0,Bacteria,KPL88683.1 hypothetical protein SE16_06155 [Ardenticatena maritima],0.9081495445192372,Thermophilic/Hyperthermophilic,0.999246,CS pos: 26-27. Pr: 0.9548,540,A0A0P6YGR8,A0A0P6YGR8,0.62876,0.88949,65.37037037037037,93.38624338624338,1.96,353,0.482
1411118.0,MBA9001608.1,GH48,1.5e-269,2.2000000000000002e-273,894.3,336:970,634.0,Bacteria,MBA9001608.1 plastocyanin [Actinomadura cellulosilytica],0.9290380777242478,Thermophilic/Hyperthermophilic,0.998275,CS pos: 33-34. Pr: 0.9710,973,A0A7W3MTL0,A0A7W3MTL0,0.62581,0.95405,63.2065775950668,96.69811320754717,1.13,615,0.525
1411118.0,MBA9004146.1,GH12,4.8e-34,7e-38,116.0,107:255,148.0,Bacteria,MBA9004146.1 hypothetical protein HNR21_003028 [Actinomadura cellulosilytica],0.9769271177496924,Thermophilic/Hyperthermophilic,0.999201,CS pos: 31-32. Pr: 0.9699,368,A0A7W3MYD0,A0A7W3MYD0,0.56143,0.74915,61.41304347826087,83.7037037037037,2.47,226,0.221
1411118.0,MBA9004582.1,GH6,1.1e-57,3.1e-61,194.5,54:375,321.0,Bacteria,MBA9004582.1 endoglucanase [Actinomadura cellulosilytica],0.9326354428167156,Thermophilic/Hyperthermophilic,0.998933,CS pos: 32-33. Pr: 0.9701,406,A0A7W3MZA7,A0A7W3MZA7,0.70218,0.67739,79.06403940886699,76.06635071090048,3.2,321,0.274
1411118.0,MBA9005569.1,GH5_1,3e-20,1.3e-23,71.3,35:288,253.0,Bacteria,"MBA9005569.1 mannan endo-1,4-beta-mannosidase [Actinomadura cellulosilytica]",0.772507110761664,Thermophilic/Hyperthermophilic,0.999254,CS pos: 25-26. Pr: 0.9778,441,A0A7W3N159,A0A7W3N159,0.55114,0.63294,64.62585034013605,75.39682539682539,3.81,285,0.151
1485586.0,MBB0229008.1,GH6,2.3999999999999998e-54,1.8e-57,183.1,59:325,266.0,Bacteria,MBB0229008.1 cellobiohydrolase [Streptomyces calidiresistens],0.9703329746103148,Thermophilic/Hyperthermophilic,0.998305,CS pos: 46-47. Pr: 0.9443,483,A0A7W3T168,A0A7W3T168,0.55924,0.63581,59.8343685300207,68.48341232227489,2.29,289,0.287
1485586.0,MBB0230075.1,GH6,3.2e-54,2.4e-57,182.7,85:393,308.0,Bacteria,MBB0230075.1 glycoside hydrolase [Streptomyces calidiresistens],0.9727761868358672,Thermophilic/Hyperthermophilic,0.827629,CS pos: 51-52. Pr: 0.7393,425,A0A7W3XWH0,A0A7W3XWH0,0.66185,0.66625,73.88235294117646,74.40758293838863,3.1,314,0.28
1485586.0,MBB0230886.1,GH9,3.3e-120,1.9e-123,400.3,269:739,470.0,Bacteria,MBB0230886.1 glycosyl hydrolase family 5 [Streptomyces calidiresistens],0.895330511470347,Thermophilic/Hyperthermophilic,0.999137,CS pos: 20-21. Pr: 0.9761,876,A0A7W3XXJ6,A0A7W3XXJ6,0.64025,0.9224,65.18264840182648,94.3801652892562,1.49,571,0.485
1485586.0,MBB0232052.1,GH9,2.4e-66,1.2999999999999998e-69,222.8,132:589,457.0,Bacteria,MBB0232052.1 hypothetical protein FOE67_21780 [Streptomyces calidiresistens],0.996397959153388,Thermophilic/Hyperthermophilic,0.998554,CS pos: 37-38. Pr: 0.9605,821,A0A7W3T6W3,A0A7W3T6W3,0.65053,0.87758,66.74786845310597,90.5785123966942,1.75,548,0.387
1485586.0,MBB0232309.1,GH5_4,1.4e-81,5.5e-85,271.9,74:354,280.0,Bacteria,MBB0232309.1 cellulase family glycosylhydrolase [Streptomyces calidiresistens],0.8616148172125047,Thermophilic/Hyperthermophilic,0.999067,CS pos: 30-31. Pr: 0.9748,579,A0A7W3T7D7,A0A7W3T7D7,0.53121,0.86369,55.44041450777202,91.71428571428572,2.0,321,0.302
1562603.0,MBB3061775.1,GH9,4.3000000000000005e-161,3.800000000000001e-164,534.7,23:461,438.0,Bacteria,MBB3061775.1 hypothetical protein FHS09_002615 [Microbulbifer rhizosphaerae],0.6743971337551317,Thermophilic/Hyperthermophilic,0.998977,CS pos: 22-23. Pr: 0.9736,931,A0A7W4WCP0,A0A7W4WCP0,0.42673,0.63718,47.26100966702471,72.72727272727273,3.92,440,0.195
1073253.0,MBB5132691.1,GH9,2.7e-120,7.900000000000001e-124,401.5,277:739,462.0,Bacteria,MBB5132691.1 endoglucanase [Thermocatellispora tengchongensis],0.9206179115390536,Thermophilic/Hyperthermophilic,0.998992,CS pos: 33-34. Pr: 0.9181,750,A0A840P498,A0A840P498,0.73782,0.91216,75.06666666666668,93.05785123966942,1.37,563,0.508
1073253.0,MBB5134243.1,GH5_1,4.3e-18,2.5e-21,64.8,31:291,260.0,Bacteria,"MBB5134243.1 mannan endo-1,4-beta-mannosidase, partial [Thermocatellispora tengchongensis]",0.529157531846133,Thermophilic/Hyperthermophilic,0.999291,CS pos: 28-29. Pr: 0.9764,378,A0A840P8J6,A0A840P8J6,0.63479,0.63479,75.66137566137566,75.66137566137566,3.74,286,0.164
1073253.0,MBB5134244.1,GH48,1.3e-258,2.5e-262,858.8,357:999,642.0,Bacteria,MBB5134244.1 hypothetical protein HNP84_003976 [Thermocatellispora tengchongensis],0.976811263980792,Thermophilic/Hyperthermophilic,0.997124,CS pos: 33-34. Pr: 0.9657,1003,A0A840NZA4,A0A840NZA4,0.60922,0.95609,61.814556331006976,97.48427672955977,1.49,620,0.529
1073253.0,MBB5135258.1,GH6,1.4999999999999998e-68,4.3e-72,230.7,377:661,284.0,Bacteria,"MBB5135258.1 cellulose 1,4-beta-cellobiosidase [Thermocatellispora tengchongensis]",0.7575038874254221,Thermophilic/Hyperthermophilic,0.997644,CS pos: 34-35. Pr: 0.9693,780,A0A840P6F7,A0A840P6F7,0.51775,0.95018,52.43589743589744,96.91943127962084,1.14,409,0.692
1073253.0,MBB5135258.1,GH6,5.2e-17,1.5e-20,61.4,662:728,66.0,Bacteria,"MBB5135258.1 cellulose 1,4-beta-cellobiosidase [Thermocatellispora tengchongensis]",0.7575038874254221,Thermophilic/Hyperthermophilic,0.997644,CS pos: 34-35. Pr: 0.9693,780,A0A840P6F7,A0A840P6F7,0.51775,0.95018,52.43589743589744,96.91943127962084,1.14,409,0.692
1073253.0,MBB5135738.1,GH5_2,1.1e-82,6.1e-86,276.2,157:401,244.0,Bacteria,MBB5135738.1 endoglucanase [Thermocatellispora tengchongensis],0.6717737645968795,Thermophilic/Hyperthermophilic,0.997687,CS pos: 29-30. Pr: 0.9756,448,A0A840P7T8,A0A840P7T8,0.67921,0.92911,68.30357142857143,93.57798165137616,0.61,306,0.654
1073253.0,MBB5135887.1,GH6,2.1e-65,6e-69,220.4,40:305,265.0,Bacteria,MBB5135887.1 endoglucanase [Thermocatellispora tengchongensis],0.8668498669966651,Thermophilic/Hyperthermophilic,0.998948,CS pos: 30-31. Pr: 0.8007,442,A0A840PFG3,A0A840PFG3,0.58671,0.6129,63.80090497737556,66.82464454976304,2.6,282,0.255
1073253.0,MBB5138800.1,GH5_1,1.2000000000000001e-106,7.2e-110,355.6,53:389,336.0,Bacteria,MBB5138800.1 endoglucanase [Thermocatellispora tengchongensis],0.8069078331274929,Thermophilic/Hyperthermophilic,0.999009,CS pos: 38-39. Pr: 0.9655,531,A0A840PMB8,A0A840PMB8,0.64412,0.89575,67.41996233521658,94.70899470899472,2.27,358,0.419
1073253.0,MBB5138801.1,GH48,1.5999999999999999e-291,3.2e-295,967.4,357:978,621.0,Bacteria,MBB5138801.1 hypothetical protein HNP84_008559 [Thermocatellispora tengchongensis],0.8317686259627368,Thermophilic/Hyperthermophilic,0.973108,CS pos: 43-44. Pr: 0.9555,983,A0A840PLY6,A0A840PLY6,0.62235,0.95877,62.86876907426247,97.16981132075472,1.25,618,0.553
1073253.0,MBB5138802.1,GH9,1.6000000000000002e-170,4.7e-174,567.0,32:467,435.0,Bacteria,MBB5138802.1 endoglucanase [Thermocatellispora tengchongensis],0.929793228042088,Thermophilic/Hyperthermophilic,0.999173,CS pos: 27-28. Pr: 0.9742,837,A0A840PI36,A0A840PI36,0.46134,0.62447,50.77658303464755,70.24793388429752,3.51,425,0.205
1073253.0,MBB5138921.1,GH9,5.9e-46,1.6999999999999998e-49,156.6,127:581,454.0,Bacteria,MBB5138921.1 endoglucanase [Thermocatellispora tengchongensis],0.9926075109888218,Thermophilic/Hyperthermophilic,0.999136,CS pos: 33-34. Pr: 0.9718,950,A0A840PMA2,A0A840PMA2,0.5112,0.78398,54.52631578947369,85.6198347107438,2.86,518,0.226
1324935.0,NGO38857.1,GH5_1,8.9e-12,1.9e-14,42.2,69:352,283.0,Bacteria,NGO38857.1 glycoside hydrolase family 5 protein [Limisphaera ngatamarikiensis],0.977155691893951,Thermophilic/Hyperthermophilic,0.832374,CS pos: 25-26. Pr: 0.8098,417,A0A6M1RN38,A0A6M1RN38,0.61894,0.67647,72.18225419664267,79.62962962962963,3.64,301,0.179
1324935.0,NGO39527.1,GH5_25,1.5e-27,3.8e-30,93.9,266:507,241.0,Bacteria,NGO39527.1 glycoside hydrolase family 5 protein [Limisphaera ngatamarikiensis],0.9999988844848718,Thermophilic/Hyperthermophilic,0.997943,CS pos: 42-43. Pr: 0.3922,547,A0A6M1RQ41,A0A6M1RQ41,0.49769,0.61456,54.6617915904936,68.42105263157895,3.11,299,0.211
1324935.0,NGO39974.1,GH5_25,1.2999999999999999e-96,3.3e-99,320.4,33:308,275.0,Bacteria,NGO39974.1 glycoside hydrolase family 5 protein [Limisphaera ngatamarikiensis],0.6709647813950703,Thermophilic/Hyperthermophilic,0.999336,CS pos: 23-24. Pr: 0.9817,332,A0A6M1RXC3,A0A6M1RXC3,0.875,0.66997,91.86746987951808,69.79405034324942,1.87,305,0.403
425468.0,ORA20077.1,GH6,1.1e-63,2e-67,213.8,55:318,263.0,Bacteria,"ORA20077.1 1,4-beta-glucanase [Mycobacterium arosiense ATCC BAA-1401 = DSM 45069]",0.779561806040478,Thermophilic/Hyperthermophilic,0.853782,CS pos: 34-35. Pr: 0.8067,334,A0A1W9ZQF7,A0A1W9ZQF7,0.78841,0.63195,85.62874251497006,67.77251184834124,2.19,286,0.315
253108.0,OVE86287.1,GH9,5.5e-77,1.5e-80,257.3,139:635,496.0,Archaea,OVE86287.1 hypothetical protein B2G88_05765 [Natronolimnobius baerhuensis],0.5780406773013976,Thermophilic/Hyperthermophilic,0.832476,CS pos: 20-21. Pr: 0.7912,725,A0A202EDK5,A0A202EDK5,0.71407,0.84817,77.10344827586208,92.39669421487604,3.11,559,0.272
1004304.0,PZX64826.1,GH9,1.4999999999999998e-91,5.3e-95,305.0,113:570,457.0,Bacteria,PZX64826.1 endoglucanase [Hydrotalea sandarakina],0.5353367693535906,Thermophilic/Hyperthermophilic,0.999172,CS pos: 21-22. Pr: 0.9777,581,A0A2W7S1F2,A0A2W7S1F2,0.88108,0.84737,93.28743545611016,89.58677685950414,2.44,542,0.312
41675.0,QGR19734.1,GH12,4.7e-09,2.3e-12,33.3,158:328,170.0,Archaea,QGR19734.1 hypothetical protein D1868_06830 [Stygiolobus azoricus],0.6751502056619434,Thermophilic/Hyperthermophilic,0.653243,CS pos: 27-28. Pr: 0.4479,338,A0A650CPG2,A0A650CPG2,0.71036,0.8785,76.62721893491124,95.92592592592592,2.25,259,0.251
696763.0,REF37706.1,GH9,4.3999999999999996e-116,1.2e-119,386.2,152:621,469.0,Bacteria,REF37706.1 endoglucanase [Thermasporomyces composti],0.9940464050558252,Thermophilic/Hyperthermophilic,0.999056,CS pos: 25-26. Pr: 0.9780,635,A0A3D9V8T3,A0A3D9V8T3,0.88205,0.92522,89.76377952755905,94.21487603305783,1.27,570,0.468
47854.0,SCL47670.1,GH6,1.5e-36,7.2e-40,124.9,51:267,216.0,Bacteria,SCL47670.1 endoglucanase [Micromonospora chersina],0.9929693915833604,Thermophilic/Hyperthermophilic,0.832173,CS pos: 34-35. Pr: 0.8065,419,A0A1C6U0Q0,A0A1C6U0Q0,0.67553,0.67106,76.13365155131265,75.59241706161137,3.23,319,0.266
47854.0,SCL47670.1,GH6,5.2e-22,2.6e-25,77.1,297:386,89.0,Bacteria,SCL47670.1 endoglucanase [Micromonospora chersina],0.9929693915833604,Thermophilic/Hyperthermophilic,0.832173,CS pos: 34-35. Pr: 0.8065,419,A0A1C6U0Q0,A0A1C6U0Q0,0.67553,0.67106,76.13365155131265,75.59241706161137,3.23,319,0.266
47854.0,SCL50147.1,GH6,1.4e-53,6.9e-57,180.8,48:315,267.0,Bacteria,SCL50147.1 endoglucanase [Micromonospora chersina],0.9340251724093004,Thermophilic/Hyperthermophilic,0.998384,CS pos: 36-37. Pr: 0.9544,463,A0A1C6U801,A0A1C6U801,0.57262,0.62507,61.98704103671706,68.00947867298578,2.52,287,0.237
47854.0,SCL54748.1,GH9,7.300000000000001e-118,2.4e-121,392.7,276:749,473.0,Bacteria,SCL54748.1 Carbohydrate binding domain-containing protein [Micromonospora chersina],0.9452436984587403,Thermophilic/Hyperthermophilic,0.998775,CS pos: 29-30. Pr: 0.9636,869,A0A1C6ULA3,A0A1C6ULA3,0.64826,0.92673,65.93785960874568,94.7107438016529,1.43,573,0.469
47854.0,SCL56707.1,GH5_1,8.200000000000001e-22,3.9999999999999997e-25,76.3,34:291,257.0,Bacteria,"SCL56707.1 mannan endo-1,4-beta-mannosidase [Micromonospora chersina]",0.5921978743073495,Thermophilic/Hyperthermophilic,0.999272,CS pos: 28-29. Pr: 0.9770,455,A0A1C6URM7,A0A1C6URM7,0.53543,0.63257,62.63736263736264,75.39682539682539,3.84,285,0.165
47854.0,SCL56928.1,GH9,2e-168,6.6e-172,559.3,47:482,435.0,Bacteria,SCL56928.1 processive endocellulase [Micromonospora chersina],0.9837420714640234,Thermophilic/Hyperthermophilic,0.998334,CS pos: 43-44. Pr: 0.9635,955,A0A1C6USH1,A0A1C6USH1,0.4075,0.62444,44.50261780104712,70.24793388429752,3.5,425,0.212
47854.0,SCL57588.1,GH5_1,2e-107,9.900000000000001e-111,357.4,50:386,336.0,Bacteria,SCL57588.1 endoglucanase [Micromonospora chersina],0.8280719744362243,Thermophilic/Hyperthermophilic,0.665997,CS pos: 34-35. Pr: 0.6440,538,A0A1C6UUB5,A0A1C6UUB5,0.63708,0.89732,66.54275092936803,94.70899470899472,2.13,358,0.439
47854.0,SCL59508.1,GH12,1.1e-44,1.8e-48,150.3,105:250,145.0,Bacteria,SCL59508.1 Cellulose binding domain-containing protein [Micromonospora chersina],0.8838761578648028,Thermophilic/Hyperthermophilic,0.999017,CS pos: 30-31. Pr: 0.9670,375,A0A1C6UZL6,A0A1C6UZL6,0.54608,0.74021,60.0,83.33333333333334,2.47,225,0.191
47854.0,SCL69503.1,GH6,3.9e-58,1.9e-61,195.7,187:474,287.0,Bacteria,SCL69503.1 Cellulase/cellobiase CelA1 [Micromonospora chersina],0.8367907318188663,Thermophilic/Hyperthermophilic,0.997388,CS pos: 37-38. Pr: 0.9671,593,A0A1C6VT57,A0A1C6VT57,0.68206,0.95473,69.13996627318718,97.1563981042654,1.06,410,0.724
47854.0,SCL69503.1,GH6,5.2e-18,2.6e-21,64.0,479:541,62.0,Bacteria,SCL69503.1 Cellulase/cellobiase CelA1 [Micromonospora chersina],0.8367907318188663,Thermophilic/Hyperthermophilic,0.997388,CS pos: 37-38. Pr: 0.9671,593,A0A1C6VT57,A0A1C6VT57,0.68206,0.95473,69.13996627318718,97.1563981042654,1.06,410,0.724
47854.0,SCL71812.1,GH48,5.1e-276,8.4e-280,915.5,330:953,623.0,Bacteria,"SCL71812.1 cellulose 1,4-beta-cellobiosidase [Micromonospora chersina]",0.9260792948709584,Thermophilic/Hyperthermophilic,0.997625,CS pos: 21-22. Pr: 0.9629,957,A0A1C6W009,A0A1C6W009,0.63033,0.94507,63.74085684430512,95.9119496855346,1.26,610,0.533
1732.0,SDB31725.1,GH5_2,1.4e-90,5.5e-94,300.0,53:299,246.0,Bacteria,SDB31725.1 endoglucanase [Eubacterium oxidoreducens],0.6312860983743703,Thermophilic/Hyperthermophilic,0.999177,CS pos: 30-31. Pr: 0.9698,340,A0A1G6CFY0,A0A1G6CFY0,0.83668,0.86901,86.76470588235294,90.21406727828746,1.42,295,0.339
2017.0,SHF36272.1,GH6,2.8e-54,4.3e-58,183.2,43:309,266.0,Bacteria,SHF36272.1 Glycosyl hydrolases family 6 [Streptoalloteichus hindustanus],0.917724616326616,Thermophilic/Hyperthermophilic,0.999111,CS pos: 26-27. Pr: 0.9771,325,A0A1M5B262,A0A1M5B262,0.81027,0.63434,89.53846153846153,68.95734597156398,2.46,291,0.23
2017.0,SHG04458.1,GH5_1,5.2e-11,8e-15,40.9,181:380,199.0,Bacteria,SHG04458.1 endoglycosylceramidase [Streptoalloteichus hindustanus],0.9999997148701956,Thermophilic/Hyperthermophilic,0.999098,CS pos: 29-30. Pr: 0.8156,486,A0A1M5GL89,A0A1M5GL89,0.54982,0.6919,62.55144032921811,80.42328042328042,3.47,304,0.207
1848.0,SHK04945.1,GH6,2.3e-51,1.1999999999999999e-54,173.4,56:317,261.0,Bacteria,SHK04945.1 endoglucanase [Pseudonocardia thermophila],0.9189589036211518,Thermophilic/Hyperthermophilic,0.998773,CS pos: 34-35. Pr: 0.8894,330,A0A1M6PAG8,A0A1M6PAG8,0.78267,0.62011,85.15151515151516,66.58767772511848,2.28,281,0.267
633813.0,SHK56826.1,GH9,1.1e-29,8.1e-33,101.0,116:591,475.0,Bacteria,SHK56826.1 beta-glucosidase family 9 [Rhodothermus profundi],0.9743583364214304,Thermophilic/Hyperthermophilic,0.832076,CS pos: 18-19. Pr: 0.7817,611,A0A1M6TIV1,A0A1M6TIV1,0.73614,0.74285,83.79705400981997,84.62809917355372,3.75,512,0.197
1848.0,SHK63702.1,GH12,5.7e-33,1.9000000000000002e-36,112.3,101:245,144.0,Bacteria,SHK63702.1 Glycosyl hydrolase family 12 [Pseudonocardia thermophila],0.9902843762891572,Thermophilic/Hyperthermophilic,0.999224,CS pos: 25-26. Pr: 0.9746,276,A0A1M6U341,A0A1M6U341,0.72231,0.73711,80.43478260869566,82.22222222222221,2.37,222,0.198
1848.0,SHL45255.1,GH12,3.1999999999999997e-29,1.1e-32,100.1,162:308,146.0,Bacteria,SHL45255.1 Glycosyl hydrolase family 12 [Pseudonocardia thermophila],0.969153209148571,Thermophilic/Hyperthermophilic,0.999194,CS pos: 27-28. Pr: 0.9717,311,A0A1M7ARF6,A0A1M7ARF6,0.64941,0.74086,71.38263665594855,82.22222222222221,2.4,222,0.176
1519374.0,SNT74067.1,GH9,3.3e-15,2.2e-18,53.5,396:766,370.0,Bacteria,SNT74067.1 N-terminal ig-like domain of cellulase [Amphiplicatus metriothermophilus],0.991338214683932,Thermophilic/Hyperthermophilic,0.999003,CS pos: 22-23. Pr: 0.9456,831,A0A239PWJ3,A0A239PWJ3,0.57118,0.77035,61.612515042117934,84.62809917355372,2.99,512,0.201
1519374.0,SNT74575.1,GH9,1.1e-84,7.7e-88,282.3,278:620,342.0,Bacteria,"SNT74575.1 cellulose 1,4-beta-cellobiosidase [Amphiplicatus metriothermophilus]",0.6986104319261692,Thermophilic/Hyperthermophilic,0.998799,CS pos: 23-24. Pr: 0.9283,629,A0A239PWE5,A0A239PWE5,0.88634,0.92086,91.09697933227343,94.7107438016529,1.68,573,0.435
1519374.0,SNT74575.1,GH9,8.3e-30,5.6000000000000005e-33,101.6,124:275,151.0,Bacteria,"SNT74575.1 cellulose 1,4-beta-cellobiosidase [Amphiplicatus metriothermophilus]",0.6986104319261692,Thermophilic/Hyperthermophilic,0.998799,CS pos: 23-24. Pr: 0.9283,629,A0A239PWE5,A0A239PWE5,0.88634,0.92086,91.09697933227343,94.7107438016529,1.68,573,0.435
1133106.0,TCO80519.1,GH5_25,6.800000000000001e-27,3.5e-30,92.2,43:336,293.0,Bacteria,TCO80519.1 aryl-phospho-beta-D-glucosidase BglC (GH1 family) [Plasticicumulans lactativorans],0.9999867968749704,Thermophilic/Hyperthermophilic,0.999027,CS pos: 40-41. Pr: 0.9708,374,A0A4R2L8I2,A0A4R2L8I2,0.73145,0.63099,79.41176470588235,67.96338672768879,2.42,297,0.263
